Description,Price,Rating,Review Count,Location,Url
[12 - 14.12 l VOUCHER 500K] Laptop Dell Vostro 3400 14 inches FHD (Intel / i5-1135G7 / 8GB / 256GB SSD / Office Home & Student 2019 / McAfee MDS / Win 10 Home SL) l Black l P132G003 (70253900) l HÀNG CHÍNH HÃNG,16.890.000 ₫,4,-19,Hồ Chí Minh,https://www.lazada.vn/products/12-1412-l-voucher-500k-laptop-dell-vostro-3400-14-inches-fhd-intel-i5-1135g7-8gb-256gb-ssd-office-home-student-2019-mcafee-mds-win-10-home-sl-l-black-l-p132g003-70253900-l-hang-chinh-hang-i1519862701-s6378291461.html?search=1
MacBook Air 13.3 inches M1 Chipset (8GB / 16GB - 256GB / 512GB) - HÀNG CHÍNH HÃNG,28.990.000 ₫,5,-307,Bắc Ninh,https://www.lazada.vn/products/macbook-air-133-inches-m1-chipset-8gb-16gb-256gb-512gb-hang-chinh-hang-i1040858590-s3520978989.html?search=1
"Lenovo ThinkPad X1 Carbon 9th Gen (32GB RAM, 1TB SSD, Intel i7, 4K UHD, 4G/LTE)",15.000.000 ₫,,,Bình Dương,https://www.lazada.vn/products/lenovo-thinkpad-x1-carbon-9th-gen-32gb-ram-1tb-ssd-intel-i7-4k-uhd-4glte-i1542997880-s6492436224.html?search=1
[HCM][Trả góp 0%]Máy tính Laptop máy tính xách tay chip Intel J3455/J4105/RAM8G+ROM128G màn 15.6 inch mỏng nhẹ 1.8kg Win10 chạy mượt mà máy tính xách tay laptop sang trọng hình ảnh âm thanh sắc nét,6.642.600 ₫,5,-110,Hồ Chí Minh,https://www.lazada.vn/products/hcmtra-gop-0may-tinh-laptop-may-tinh-xach-tay-chip-intel-j3455j4105ram8grom128g-man-156-inch-mong-nhe-18kg-win10-chay-muot-ma-may-tinh-xach-tay-laptop-sang-trong-hinh-anh-am-thanh-sac-net-i517860876-s1039194747.html?search=1
Laptop cũ giá rẻ sinh viên 2gb,1.500.000 ₫,5,-8,Hồ Chí Minh,https://www.lazada.vn/products/laptop-cu-gia-re-sinh-vien-2gb-i1022018047-s5859482124.html?search=1
[VOUCHER 300] MÁY TÍNH XÁCH TAY (NB) HP Pavilion 15-eg0505TU i5-1135G7/8GD4/512GSSD/15.6FHD/Wlac/BT5/3C41WHr/ALUp/VÀNG/WIN ( 46M02PA),18.790.000 ₫,5,-4,Bắc Ninh,https://www.lazada.vn/products/voucher-300-may-tinh-xach-tay-nb-hp-pavilion-15-eg0505tu-i5-1135g78gd4512gssd156fhdwlacbt53c41whralupvangwin-46m02pa-i1529835180-s6427734015.html?search=1
[Trả góp 0%]Laptop game+đồ họa -HP 6560B Core i5 2450M/ Ram 8G/ SSD 256G/ Màn 15 inch Vỏ Nhôm) DÒNG MÁY BỀN BỈ CHẠY 24/24,5.600.000 ₫,4,-66,Hà Nội,https://www.lazada.vn/products/tra-gop-0laptop-gamedo-hoa-hp-6560b-core-i5-2450m-ram-8g-ssd-256g-man-15-inch-vo-nhom-dong-may-ben-bi-chay-2424-i276636726-s6502484281.html?search=1
Dell Latitude E6440 Core i5-4200M DDRam 4GB SSD 120GB Màn Hình 14.0,6.600.000 ₫,,,Hà Nội,https://www.lazada.vn/products/dell-latitude-e6440-core-i5-4200m-ddram-4gb-ssd-120gb-man-hinh-140-i795264591-s2149938793.html?search=1
[Trả góp 0% ] Dell Precision 7510 Laptop Đồ Họa Khủng i7-6820HQ VGA NVIDIA Quadro M1000M-2G Màn 15.6 FullHD IPS,17.200.000 ₫,4,-10,Hà Nội,https://www.lazada.vn/products/tra-gop-0-dell-precision-7510-laptop-do-hoa-khung-i7-6820hq-vga-nvidia-quadro-m1000m-2g-man-156-fullhd-ips-i1012300700-s3334240123.html?search=1&freeshipping=1
Gateway i3 4gb/128gb 14 FHD Green,11.200.000 ₫,,,Hồ Chí Minh,https://www.lazada.vn/products/gateway-i3-4gb128gb-14-fhd-green-i1617090976-s6997668969.html?search=1
Laptop HP 14s - i5-1135G7,17.390.000 ₫,,,Hồ Chí Minh,https://www.lazada.vn/products/laptop-hp-14s-i5-1135g7-i1618444555-s7006292892.html?search=1
"(MỚI 100%) Asus Zenbook 14 Q408UG, Lập Trình Đồ Họa Siêu Mạnh, Chip 12 Luồng, Card Rời, Ryzen R5-5500U, RAM 8G, SSD 256G, VGA NVIDIA MX450-2G, Màn 14 FullHD IPS, 100% sRGB",18.600.000 ₫,5,-1,Hà Nội,https://www.lazada.vn/products/moi-100-asus-zenbook-14-q408ug-lap-trinh-do-hoa-sieu-manh-chip-12-luong-card-roi-ryzen-r5-5500u-ram-8g-ssd-256g-vga-nvidia-mx450-2g-man-14-fullhd-ips-100-srgb-i1478785276-s6156247124.html?search=1&freeshipping=1
"Laptop Fujitsu Lifebook E756 Core i5-6300U, 8gb Ram, 256gb SSD, 15.6inch HD, hàng nhập Nhật",7.000.000 ₫,,,Hưng Yên,https://www.lazada.vn/products/laptop-fujitsu-lifebook-e756-core-i5-6300u-8gb-ram-256gb-ssd-156inch-hd-hang-nhap-nhat-i1625359065-s7051151958.html?search=1
"Laptop máy trạm Fujitsu Celsius H760 Core i5-6440HQ, 8gb Ram, 256gb SSD, vga Quadro M600M, 15.6inch Full HD IPS, hàng Nhập khẩu",8.500.000 ₫,,,Hưng Yên,https://www.lazada.vn/products/laptop-may-tram-fujitsu-celsius-h760-core-i5-6440hq-8gb-ram-256gb-ssd-vga-quadro-m600m-156inch-full-hd-ips-hang-nhap-khau-i1625152927-s7050604304.html?search=1
"[Trả góp 0%]Laptop dell 7270 cpu i5 6300u màn 12,5 inch máy mỏng nhẹ hơn 1kg",8.000.000 ₫,5,-3,Hà Nội,https://www.lazada.vn/products/tra-gop-0laptop-dell-7270-cpu-i5-6300u-man-125-inch-may-mong-nhe-hon-1kg-i391218271-s665484425.html?search=1
"Lenovo ThinkPad X1 Carbon Gen4, mỏng nhẹ, màn siêu nét, bảo mật vân tay ( i5-6300U, RAM 8G, SSD 256G, VGA Intel HD 520, màn 14 inch, Full HD IPS )",13.300.000 ₫,,,Hà Nội,https://www.lazada.vn/products/lenovo-thinkpad-x1-carbon-gen4-mong-nhe-man-sieu-net-bao-mat-van-tay-i5-6300u-ram-8g-ssd-256g-vga-intel-hd-520-man-14-inch-full-hd-ips-i1626906164-s7068511203.html?search=1
LapTop Dell Vostro 3400 (70253900) | Intel Tiger Lake Core i5 _ 1135G7 | 8GB | 256GB SSD PCIe | Win 10 _ Office Home & Student 2019 | 14 inch Full HD | Hàng Chính Hãng Dell Việt Nam,18.800.000 ₫,,,Hồ Chí Minh,https://www.lazada.vn/products/laptop-dell-vostro-3400-70253900-intel-tiger-lake-core-i5-_-1135g7-8gb-256gb-ssd-pcie-win-10-_-office-home-student-2019-14-inch-full-hd-hang-chinh-hang-dell-viet-nam-i1625767174-s7055339041.html?search=1
[VOUCHER 3 TRIỆU]Laptop HP Envy 13-ba1535TU (4U6M4PA) i7-1165G7 | 8GB | 512GB | Intel Iris Xe Graphics | 13.3' FHD | Win 10,29.990.000 ₫,5,-1,Hồ Chí Minh,https://www.lazada.vn/products/voucher-3-trieulaptop-hp-envy-13-ba1535tu-4u6m4pa-i7-1165g7-8gb-512gb-intel-iris-xe-graphics-133-fhd-win-10-i1562978995-s6609404514.html?search=1
[Trả góp 0%]Laptop folio 9470m core i5 3327u ram 8g ổ ssd 240g ultrabook mỏng nhẹ sang trọng,6.800.000 ₫,4,-7,Hà Nội,https://www.lazada.vn/products/tra-gop-0laptop-folio-9470m-core-i5-3327u-ram-8g-o-ssd-240g-ultrabook-mong-nhe-sang-trong-i237989356-s5382776149.html?search=1
Laptop UFO Sony svf14 i5 ssd trắng tinh khôi thời trang sang trọng,5.690.000 ₫,,,Hà Nội,https://www.lazada.vn/products/laptop-ufo-sony-svf14-i5-ssd-trang-tinh-khoi-thoi-trang-sang-trong-i1617459005-s6998850547.html?search=1
Laptop Dell Latitude 3420-L3420I3SSD (i3-1115G4) (Xám đậm) - Laptop cũ,13.684.000 ₫,,,Hồ Chí Minh,https://www.lazada.vn/products/laptop-dell-latitude-3420-l3420i3ssd-i3-1115g4-xam-dam-laptop-cu-i1618579943-s7007042347.html?search=1
"[New SEAL] HP Laptop 15 2021 (dw3033dx), ngon bổ rẻ cho kế toán văn phòng {Core i3-1115G4, Ram 8G, SSD 256G, VGA Intel UHD Xe G4, Màn 15.6 inch Full HD IPS}",14.000.000 ₫,,,Hà Nội,https://www.lazada.vn/products/new-seal-hp-laptop-15-2021-dw3033dx-ngon-bo-re-cho-ke-toan-van-phong-core-i3-1115g4-ram-8g-ssd-256g-vga-intel-uhd-xe-g4-man-156-inch-full-hd-ips-i1627280115-s7071266134.html?search=1
Lenovo Thinkpad L440 (i5 4300M/4GB/SSD 128GB/Intel) Hàng qua sử dụng đẹp như mới bảo hành 3 tháng.,6.750.000 ₫,,,Hà Nội,https://www.lazada.vn/products/lenovo-thinkpad-l440-i5-4300m4gbssd-128gbintel-hang-qua-su-dung-dep-nhu-moi-bao-hanh-3-thang-i1627790317-s7076552349.html?search=1
hp elitebook 9480m i7 siêu phẩm văn phòng mỏng nhẹ,8.500.000 ₫,,,Hà Nội,https://www.lazada.vn/products/hp-elitebook-9480m-i7-sieu-pham-van-phong-mong-nhe-i1626256523-s7060876599.html?search=1
Laptop Dell Vostro 13 5301,22.550.000 ₫,,,Hồ Chí Minh,https://www.lazada.vn/products/laptop-dell-vostro-13-5301-i1618452345-s7006022488.html?search=1
[ Hàng Mới 100% ] Laptop Dell intel Core i3 / i5 / i7 Ram 4/8/16Gb 256/512Gb SSD - Full Box,13.950.000 ₫,,,Vĩnh Long,https://www.lazada.vn/products/hang-moi-100-laptop-dell-intel-core-i3-i5-i7-ram-4816gb-256512gb-ssd-full-box-i1627309427-s7072073351.html?search=1
"[Freeship] Laptop Dell Latitude 3420 14inch HD (L3420I5SSD)/ Core i5-1135G7/ RAM 8GB DDR4/ 256GB SSD/ 3 Cell/ Fedora/ 1 Yr/ Black -Sun Tech- SUN110 Hàng Chính Hãng, Mỏng Nhẹ, Cấu Hình Ổn Định Dùng Cho Văn Phòng, Thiết Kế",19.990.000 ₫,,,Hà Nội,https://www.lazada.vn/products/freeship-laptop-dell-latitude-3420-14inch-hd-l3420i5ssd-core-i5-1135g7-ram-8gb-ddr4-256gb-ssd-3-cell-fedora-1-yr-black-sun-tech-sun110-hang-chinh-hang-mong-nhe-cau-hinh-on-dinh-dung-cho-van-phong-thiet-ke-i1629609028-s7093175844.html?search=1
"[Freeship] Laptop Dell Vostro 3500 15.6inch FHD (7G3982)/ Core i7-1165G7/ RAM 8GB DDR4/ 512GB SSD/ BT4/3 Cell 42 Whr/ Win 10SL/ 1 Yr/ Black -Sun Tech- SUN108 Hàng Chính Hãng, Mỏng Nhẹ, Cấu Hình Ổn Định Dùng Cho Văn Phòng, Thiết Kế",24.990.000 ₫,,,Hà Nội,https://www.lazada.vn/products/freeship-laptop-dell-vostro-3500-156inch-fhd-7g3982-core-i7-1165g7-ram-8gb-ddr4-512gb-ssd-bt43-cell-42-whr-win-10sl-1-yr-black-sun-tech-sun108-hang-chinh-hang-mong-nhe-cau-hinh-on-dinh-dung-cho-van-phong-thiet-ke-i1629495131-s7091944385.html?search=1
"[Freeship] Laptop Dell Inspiron 15 3511B 15.6inch FHD (P112F001BBL)/ Core i5-1135G7/ RAM 4GB DDR4/ 512GB SSD/  Win 10/ 1Yr/ Black -Sun Tech- SUN98 Hàng Chính Hãng, Thiết Kế Mỏng Nhẹ, Cấu Hình Ổn Định Dùng Cho Văn Phòng, Thiết Kế Đồ Họa, Gaming",18.690.000 ₫,,,Hà Nội,https://www.lazada.vn/products/freeship-laptop-dell-inspiron-15-3511b-156inch-fhd-p112f001bbl-core-i5-1135g7-ram-4gb-ddr4-512gb-ssd-win-10-1yr-black-sun-tech-sun98-hang-chinh-hang-thiet-ke-mong-nhe-cau-hinh-on-dinh-dung-cho-van-phong-thiet-ke-do-hoa-gaming-i1629223727-s7090233456.html?search=1
Acer Aspire 5 A515-46-R14K Slim Laptop,11.000.000 ₫,,,Hồ Chí Minh,https://www.lazada.vn/products/acer-aspire-5-a515-46-r14k-slim-laptop-i1625281609-s7051415174.html?search=1
[Trả góp 0%]laptop gaming Dell 7559 - khủng game Core i5 6300HQram 16g ssd 256+ hdd 1tb VGA GTX 960 4GB 15.6 inch FHD 1920*1080,13.390.000 ₫,5,-18,Hà Nội,https://www.lazada.vn/products/tra-gop-0laptop-gaming-dell-7559-khung-game-core-i5-6300hqram-16g-ssd-256-hdd-1tb-vga-gtx-960-4gb-156-inch-fhd-19201080-i223891903-s7027227708.html?search=1
Laptop HP 440 G3,3.700.000 ₫,,,Hà Nội,https://www.lazada.vn/products/laptop-hp-440-g3-i804792097-s2185016676.html?search=1
[Trả góp 0%]Laptop game và đồ họa giá tốt- HP Pobook 6570B Core i5 3210M/ Ram 4G/ HDD 250G/ VGA HD 4000/ Màn 15.6 inch/ Có Phím Số/ Vỏ nhôm,5.300.000 ₫,4,-28,Hà Nội,https://www.lazada.vn/products/tra-gop-0laptop-game-va-do-hoa-gia-tot-hp-pobook-6570b-core-i5-3210m-ram-4g-hdd-250g-vga-hd-4000-man-156-inch-co-phim-so-vo-nhom-i263688525-s825910028.html?search=1
"Brand New Dell Alienware M17 R4-17.3"" 4K UHD, 32GB RAM, RTX 3080 1TB",21.000.000 ₫,,,Bình Dương,https://www.lazada.vn/products/brand-new-dell-alienware-m17-r4-173-4k-uhd-32gb-ram-rtx-3080-1tb-i1542899311-s6491752044.html?search=1
"APPLEMACBOOK AIR 13"" - M1 CHIP, 8-C CPU, 7-C GPU, 16GB RAM, 256GB SSD - NEW",15.000.000 ₫,,,Bình Dương,https://www.lazada.vn/products/applemacbook-air-13-m1-chip-8-c-cpu-7-c-gpu-16gb-ram-256gb-ssd-new-i1543021293-s6492228888.html?search=1
DELL E6420 I5/RAM 4G/ SSD 120G,3.890.000 ₫,,,Hồ Chí Minh,https://www.lazada.vn/products/dell-e6420-i5ram-4g-ssd-120g-i341246050-s550720083.html?search=1
"Laptop ThinkPad T460s i5, RAM 8GB, SSD 256GB, FHD",9.600.000 ₫,5,-2,Hà Nội,https://www.lazada.vn/products/laptop-thinkpad-t460s-i5-ram-8gb-ssd-256gb-fhd-i1435779186-s5943303145.html?search=1
[HCM]#Laptop #Dell #Latitude #E7440 #Core_i7  Đẳng Cấp Danh Nhân,8.800.000 ₫,,,Hồ Chí Minh,https://www.lazada.vn/products/hcmlaptop-dell-latitude-e7440-core_i7-dang-cap-danh-nhan-i1307910766-s5073788132.html?search=1
[Trả góp 0%]Laptop dell 6430 cpu core i5 3210m,7.000.000 ₫,5,-11,Hà Nội,https://www.lazada.vn/products/tra-gop-0laptop-dell-6430-cpu-core-i5-3210m-i584980416-s2100762744.html?search=1
LAPTOP HP DV6000,1.800.000 ₫,,,Đồng Nai,https://www.lazada.vn/products/laptop-hp-dv6000-i443886788-s800696669.html?search=1&freeshipping=1
[HCM][Trả góp 0%]Máy tính Laptop máy tính xách tay chip Intel J3455/J4105/RAM8G+ROM128G màn 15.6 inch mỏng nhẹ 1.8kg Win10 chạy mượt mà máy tính xách tay laptop sang trọng hình ảnh âm thanh sắc nét,6.642.600 ₫,5,-110,Hồ Chí Minh,https://www.lazada.vn/products/hcmtra-gop-0may-tinh-laptop-may-tinh-xach-tay-chip-intel-j3455j4105ram8grom128g-man-156-inch-mong-nhe-18kg-win10-chay-muot-ma-may-tinh-xach-tay-laptop-sang-trong-hinh-anh-am-thanh-sac-net-i517860876-s1039194747.html?search=1
"Laptop NEC Versapro VB 12.1 inch Core i5 - i7 đời 2, đời 3",3.168.000 ₫,5,-21,Nghệ An,https://www.lazada.vn/products/laptop-nec-versapro-vb-121-inch-core-i5-i7-doi-2-doi-3-i1357817475-s5610689687.html?search=1
Dell Latitude E6400 Intel P8600 Ram 4G SSD 128G 14INCH,3.990.000 ₫,4,-12,Hồ Chí Minh,https://www.lazada.vn/products/dell-latitude-e6400-intel-p8600-ram-4g-ssd-128g-14inch-i996928688-s3204792275.html?search=1
[Trả góp 0%]Laptop game và đồ họa giá tốt- HP Pobook 6570B Core i5 3210M/ Ram 4G/ HDD 250G/ VGA HD 4000/ Màn 15.6 inch/ Có Phím Số/ Vỏ nhôm,5.300.000 ₫,4,-28,Hà Nội,https://www.lazada.vn/products/tra-gop-0laptop-game-va-do-hoa-gia-tot-hp-pobook-6570b-core-i5-3210m-ram-4g-hdd-250g-vga-hd-4000-man-156-inch-co-phim-so-vo-nhom-i263688525-s825910028.html?search=1
"[Giảm giá cao] Máy tính xách tay W10 10.1 inch chính thức của BDF | pin 5000MAH | Genunie Windows 10 | Intel AtomX5-8350 | máy ảnh 1,3 triệu điểm ảnh | máy tính xách tay truyền thống | Cạc đồ họa HD lõi tứ 1.9Ghz | màn hình 800 * 1280 MIPI",3.879.540 ₫,,,Overseas,https://www.lazada.vn/products/giam-gia-cao-may-tinh-xach-tay-w10-101-inch-chinh-thuc-cua-bdf-pin-5000mah-genunie-windows-10-intel-atomx5-8350-may-anh-13-trieu-diem-anh-may-tinh-xach-tay-truyen-thong-cac-do-hoa-hd-loi-tu-19ghz-man-hinh-800-1280-mipi-i1529523021-s6426011127.html?search=1&freeshipping=1
[HCM][Trả góp 0%]Máy tính Laptop máy tính xách tay chip Intel J3455/J4105/RAM8G+ROM128G màn 15.6 inch mỏng nhẹ 1.8kg Win10 chạy mượt mà máy tính xách tay laptop sang trọng hình ảnh âm thanh sắc nét,6.761.270 ₫,5,-21,Hồ Chí Minh,https://www.lazada.vn/products/hcmtra-gop-0may-tinh-laptop-may-tinh-xach-tay-chip-intel-j3455j4105ram8grom128g-man-156-inch-mong-nhe-18kg-win10-chay-muot-ma-may-tinh-xach-tay-laptop-sang-trong-hinh-anh-am-thanh-sac-net-i517696120-s1038598941.html?search=1
[Trả góp 0%]Laptop game và đồ họa giá tốt- HP Pobook 6560B Core i5 2450M/ Ram 8G/ SSD 256G/ VGA HD 3000/ Màn 15.6 inch/ Có Phím Số/ Vỏ nhôm / Dòng máy bền bỉ/ Loa to,5.600.000 ₫,5,-63,Hà Nội,https://www.lazada.vn/products/tra-gop-0laptop-game-va-do-hoa-gia-tot-hp-pobook-6560b-core-i5-2450m-ram-8g-ssd-256g-vga-hd-3000-man-156-inch-co-phim-so-vo-nhom-dong-may-ben-bi-loa-to-i248768154-s4527951131.html?search=1
Laptop HP 440 G3,3.700.000 ₫,,,Hà Nội,https://www.lazada.vn/products/laptop-hp-440-g3-i804792097-s2185016676.html?search=1
Laptop cũ giá rẻ sinh viên 2gb,1.500.000 ₫,5,-8,Hồ Chí Minh,https://www.lazada.vn/products/laptop-cu-gia-re-sinh-vien-2gb-i1022018047-s5859482124.html?search=1
Laptop giá rẻ 2GB học sinh chính hãng 2nd,1.550.000 ₫,5,-6,Hồ Chí Minh,https://www.lazada.vn/products/laptop-gia-re-2gb-hoc-sinh-chinh-hang-2nd-i1417548776-s5859582674.html?search=1
"Laptop NEC Versapro VK22T Core i5-5200U, 4gb Ram,128gb SSD, màn cảm ứng Full HD 13.3inch, vỏ nhôm magie siêu mỏng nhẹ",6.075.000 ₫,,,Hồ Chí Minh,https://www.lazada.vn/products/laptop-nec-versapro-vk22t-core-i5-5200u-4gb-ram128gb-ssd-man-cam-ung-full-hd-133inch-vo-nhom-magie-sieu-mong-nhe-i992124732-s3165910525.html?search=1
Macbook Pro Duo Core T9400 Ram 8G SSD 128G màn hình 15.4in sáng đẹp,6.500.000 ₫,5,-1,Hồ Chí Minh,https://www.lazada.vn/products/macbook-pro-duo-core-t9400-ram-8g-ssd-128g-man-hinh-154in-sang-dep-i1547817479-s6516135785.html?search=1&freeshipping=1
[ Đẳng Cấp - Siêu Lướt ] Macbook Retina Pro ME865 2013  Core i5 5th/ Ram 8Gb/ SSD 512Gb/ Màn hình Retina 2k cực đẹp .,13.990.000 ₫,,,Nghệ An,https://www.lazada.vn/products/dang-cap-sieu-luot-macbook-retina-pro-me865-2013-core-i5-5th-ram-8gb-ssd-512gb-man-hinh-retina-2k-cuc-dep-i1613244204-s6965590300.html?search=1
"DELL INSPIRON N4030, CORE I3-380M, Ổ CỨNG 320GB, RAM 4G MÁY RẤT ĐẸP, NGUYÊN BẢN",3.800.000 ₫,5,-2,Hà Nội,https://www.lazada.vn/products/dell-inspiron-n4030-core-i3-380m-o-cung-320gb-ram-4g-may-rat-dep-nguyen-ban-i1580164120-s6718403502.html?search=1
"APPLEMACBOOK AIR 13"" - M1 CHIP, 8-C CPU, 7-C GPU, 16GB RAM, 256GB SSD - NEW",15.000.000 ₫,,,Bình Dương,https://www.lazada.vn/products/applemacbook-air-13-m1-chip-8-c-cpu-7-c-gpu-16gb-ram-256gb-ssd-new-i1543021293-s6492228888.html?search=1
DELL E6420 I5/RAM 4G/ SSD 120G,3.890.000 ₫,,,Hồ Chí Minh,https://www.lazada.vn/products/dell-e6420-i5ram-4g-ssd-120g-i341246050-s550720083.html?search=1
"[Trả góp 0%](NEW OUTLET) Acer Swift 3 2020 (SF314-42) Chạy Đa Nhiệm Lập Trình Siêu Mạnh Pin Khủng Ryzen R5-4500U, RAM 8G, SSD NVMe 512G, VGA AMD Vega 6 Win 10 Bản Quyền",15.300.000 ₫,4,-11,Hà Nội,https://www.lazada.vn/products/tra-gop-0new-outlet-acer-swift-3-2020-sf314-42-chay-da-nhiem-lap-trinh-sieu-manh-pin-khung-ryzen-r5-4500u-ram-8g-ssd-nvme-512g-vga-amd-vega-6-win-10-ban-quyen-i1236480507-s5784520564.html?search=1&freeshipping=1
"Laptop 2in1 Asus T100, Nhỏ gọn thích hợp văn phòng làm việc",2.690.000 ₫,,,Hải Phòng,https://www.lazada.vn/products/laptop-2in1-asus-t100-nho-gon-thich-hop-van-phong-lam-viec-i1532345151-s6440446959.html?search=1
dell 7380,12.500.000 ₫,,,Hà Nội,https://www.lazada.vn/products/dell-7380-i1620282828-s7016112418.html?search=1&freeshipping=1
[Trả góp 0%]Laptop utrabook Dell Latitude E7450 Core i7-5600U/ 8G/ SSD 256G/ màn 14 inch  nặng 1.5kg,8.000.000 ₫,5,-9,Hà Nội,https://www.lazada.vn/products/tra-gop-0laptop-utrabook-dell-latitude-e7450-core-i7-5600u-8g-ssd-256g-man-14-inch-nang-15kg-i321654165-s2867002323.html?search=1
[Trả góp 0%]Dell 7447 - siêu khủng game Core i5 4200H ram 16g ssd 256G+ hdd 1TB VGA GTX 850 4G laptop chơi game đồ họa,10.400.000 ₫,5,-15,Hà Nội,https://www.lazada.vn/products/tra-gop-0dell-7447-sieu-khung-game-core-i5-4200h-ram-16g-ssd-256g-hdd-1tb-vga-gtx-850-4g-laptop-choi-game-do-hoa-i223415569-s754604755.html?search=1
"Laptop Dell i5 , Laptop Nhập Khẩu Mỹ , Dell 3542",12.000.000 ₫,,,Hồ Chí Minh,https://www.lazada.vn/products/laptop-dell-i5-laptop-nhap-khau-my-dell-3542-i866960377-s2466272212.html?search=1&freeshipping=1
Dell Latitude E7250,5.350.000 ₫,,,Hải Phòng,https://www.lazada.vn/products/dell-latitude-e7250-i912378283-s2681822095.html?search=1
dell laditude e7470 core i7 6600u,8.790.000 ₫,,,Hà Nội,https://www.lazada.vn/products/dell-laditude-e7470-core-i7-6600u-i1411953175-s5842540588.html?search=1
"[Trả góp 0%]Laptop dell 7270 cpu i5 6300u màn 12,5 inch máy mỏng nhẹ hơn 1kg",8.000.000 ₫,5,-3,Hà Nội,https://www.lazada.vn/products/tra-gop-0laptop-dell-7270-cpu-i5-6300u-man-125-inch-may-mong-nhe-hon-1kg-i391218271-s665484425.html?search=1
[Trả góp 0%]Laptop game+đồ họa -HP 6560B Core i5 2450M/ Ram 8G/ SSD 256G/ Màn 15 inch Vỏ Nhôm) DÒNG MÁY BỀN BỈ CHẠY 24/24,5.600.000 ₫,4,-66,Hà Nội,https://www.lazada.vn/products/tra-gop-0laptop-gamedo-hoa-hp-6560b-core-i5-2450m-ram-8g-ssd-256g-man-15-inch-vo-nhom-dong-may-ben-bi-chay-2424-i276636726-s6502484281.html?search=1
"(MỚI 100%) Asus Zenbook 14 Q408UG, Lập Trình Đồ Họa Siêu Mạnh, Chip 12 Luồng, Card Rời, Ryzen R5-5500U, RAM 8G, SSD 256G, VGA NVIDIA MX450-2G, Màn 14 FullHD IPS, 100% sRGB",18.600.000 ₫,5,-1,Hà Nội,https://www.lazada.vn/products/moi-100-asus-zenbook-14-q408ug-lap-trinh-do-hoa-sieu-manh-chip-12-luong-card-roi-ryzen-r5-5500u-ram-8g-ssd-256g-vga-nvidia-mx450-2g-man-14-fullhd-ips-100-srgb-i1478785276-s6156247124.html?search=1&freeshipping=1
hp elitebook 840 g2 card on. i5,7.900.000 ₫,,,Hà Nội,https://www.lazada.vn/products/hp-elitebook-840-g2-card-on-i5-i1620419281-s7016554127.html?search=1&freeshipping=1
MacBook Pro 13.3 inches Touch Bar M1 Chipset (8GB / 16GB - 256GB / 512GB) - HÀNG CHÍNH HÃNG,31.740.000 ₫,5,-282,Hồ Chí Minh,https://www.lazada.vn/products/macbook-pro-133-inches-touch-bar-m1-chipset-8gb-16gb-256gb-512gb-hang-chinh-hang-i1041134055-s3522518160.html?search=1
[Trả góp 0%]Laptop dell 6430 cpu core i5 3210m,7.000.000 ₫,5,-11,Hà Nội,https://www.lazada.vn/products/tra-gop-0laptop-dell-6430-cpu-core-i5-3210m-i584980416-s2100762744.html?search=1
"dell N7559 core i7 6700hq,vga gtx 960 4g,",12.390.000 ₫,,,Hà Nội,https://www.lazada.vn/products/dell-n7559-core-i7-6700hqvga-gtx-960-4g-i1411849617-s5842645332.html?search=1
[VOUCHER 3 TRIỆU]Laptop HP Envy 13-ba1535TU (4U6M4PA) i7-1165G7 | 8GB | 512GB | Intel Iris Xe Graphics | 13.3' FHD | Win 10,29.990.000 ₫,5,-1,Hồ Chí Minh,https://www.lazada.vn/products/voucher-3-trieulaptop-hp-envy-13-ba1535tu-4u6m4pa-i7-1165g7-8gb-512gb-intel-iris-xe-graphics-133-fhd-win-10-i1562978995-s6609404514.html?search=1
dell 7470 i5,10.000.000 ₫,,,Hà Nội,https://www.lazada.vn/products/dell-7470-i5-i1620350312-s7016091117.html?search=1&freeshipping=1
[HCM]Laptop Dell Latitude 6640 i7 4610M 3.7GHz AMD Radeon 2GB SSD 128GB QUADVIC,6.500.000 ₫,,,Hồ Chí Minh,https://www.lazada.vn/products/hcmlaptop-dell-latitude-6640-i7-4610m-37ghz-amd-radeon-2gb-ssd-128gb-quadvic-i1219058580-s4519041117.html?search=1
"Laptop Dell Latitude E7240 Core i7-4600U, 8gb Ram, 128gb SSD, 12.5inch HD vỏ nhôn siêu bền",6.500.000 ₫,,,Hưng Yên,https://www.lazada.vn/products/laptop-dell-latitude-e7240-core-i7-4600u-8gb-ram-128gb-ssd-125inch-hd-vo-nhon-sieu-ben-i435792036-s780264316.html?search=1
[Trả góp 0%]laptop gaming Dell 7559 - khủng game Core i5 6300HQram 16g ssd 256+ hdd 1tb VGA GTX 960 4GB 15.6 inch FHD 1920*1080,13.390.000 ₫,5,-18,Hà Nội,https://www.lazada.vn/products/tra-gop-0laptop-gaming-dell-7559-khung-game-core-i5-6300hqram-16g-ssd-256-hdd-1tb-vga-gtx-960-4gb-156-inch-fhd-19201080-i223891903-s7027227708.html?search=1
Laptop HP Elitebook 810G1 I5-3437U | 4Gb | SSD 120gb - Màn cảm ứng,9.300.000 ₫,,,Hà Nội,https://www.lazada.vn/products/laptop-hp-elitebook-810g1-i5-3437u-4gb-ssd-120gb-man-cam-ung-i1411823795-s5842732200.html?search=1
[HCM]bao da kèm bàn phím Bluetooth,178.000 ₫,,,Hồ Chí Minh,https://www.lazada.vn/products/hcmbao-da-kem-ban-phim-bluetooth-i952276631-s2898684133.html?search=1
"Brand New Dell Alienware M17 R4-17.3"" 4K UHD, 32GB RAM, RTX 3080 1TB",21.000.000 ₫,,,Bình Dương,https://www.lazada.vn/products/brand-new-dell-alienware-m17-r4-173-4k-uhd-32gb-ram-rtx-3080-1tb-i1542899311-s6491752044.html?search=1
[HCM]#Laptop #Dell #Latitude #E7440 #Core_i7  Đẳng Cấp Danh Nhân,8.800.000 ₫,,,Hồ Chí Minh,https://www.lazada.vn/products/hcmlaptop-dell-latitude-e7440-core_i7-dang-cap-danh-nhan-i1307910766-s5073788132.html?search=1
"Laptop các hãng core i3, giá siêu tốt",2.800.000 ₫,,,Hà Nội,https://www.lazada.vn/products/laptop-cac-hang-core-i3-gia-sieu-tot-i1260288724-s4738723973.html?search=1
laptop Nhậ.t xách tay NE.C,2.800.000 ₫,,,Kiên Giang,https://www.lazada.vn/products/laptop-nhat-xach-tay-nec-i636510783-s1502374642.html?search=1
[HCM]Laptop HP EliteBook Folio 9470M,5.200.000 ₫,,,Hồ Chí Minh,https://www.lazada.vn/products/hcmlaptop-hp-elitebook-folio-9470m-i1230597094-s4564447693.html?search=1
"Lenovo ThinkPad X1 Carbon 9th Gen (32GB RAM, 1TB SSD, Intel i7, 4K UHD, 4G/LTE)",15.000.000 ₫,,,Bình Dương,https://www.lazada.vn/products/lenovo-thinkpad-x1-carbon-9th-gen-32gb-ram-1tb-ssd-intel-i7-4k-uhd-4glte-i1542997880-s6492436224.html?search=1
[Trả góp 0%]Laptop folio 9470m core i5 3327u ram 8g ổ ssd 240g ultrabook mỏng nhẹ sang trọng,6.800.000 ₫,4,-7,Hà Nội,https://www.lazada.vn/products/tra-gop-0laptop-folio-9470m-core-i5-3327u-ram-8g-o-ssd-240g-ultrabook-mong-nhe-sang-trong-i237989356-s5382776149.html?search=1
"HP Spectre x360 13.3"" 4K OLED Core i7-1065G7 16GB 1TB SSD+32GB Fingerprint",14.000.000 ₫,,,Bình Dương,https://www.lazada.vn/products/hp-spectre-x360-133-4k-oled-core-i7-1065g7-16gb-1tb-ssd32gb-fingerprint-i1543432088-s6494173040.html?search=1
"Laptop Dell Latitude E7240 Core I7 4600U , Ram 4GB DDR3L , SSD 128GB , Intel HD Graphics 4400 , Màn hình 12.5inch HD",6.600.000 ₫,,,Hồ Chí Minh,https://www.lazada.vn/products/laptop-dell-latitude-e7240-core-i7-4600u-ram-4gb-ddr3l-ssd-128gb-intel-hd-graphics-4400-man-hinh-125inch-hd-i499330251-s975764871.html?search=1
LAPTOP giá Học Sinh từ 2.xxx đến 10.xxx,2.800.000 ₫,,,Bắc Giang,https://www.lazada.vn/products/laptop-gia-hoc-sinh-tu-2xxx-den-10xxx-i752476935-s1958672853.html?search=1
"Laptop ThinkPad T460s i5, RAM 8GB, SSD 256GB, FHD",9.600.000 ₫,5,-2,Hà Nội,https://www.lazada.vn/products/laptop-thinkpad-t460s-i5-ram-8gb-ssd-256gb-fhd-i1435779186-s5943303145.html?search=1
[VOUCHER 300] MÁY TÍNH XÁCH TAY (NB) HP Pavilion 15-eg0505TU i5-1135G7/8GD4/512GSSD/15.6FHD/Wlac/BT5/3C41WHr/ALUp/VÀNG/WIN ( 46M02PA),18.790.000 ₫,5,-4,Bắc Ninh,https://www.lazada.vn/products/voucher-300-may-tinh-xach-tay-nb-hp-pavilion-15-eg0505tu-i5-1135g78gd4512gssd156fhdwlacbt53c41whralupvangwin-46m02pa-i1529835180-s6427734015.html?search=1
hp brobook 450 g1 i5,6.500.000 ₫,,,Hà Nội,https://www.lazada.vn/products/hp-brobook-450-g1-i5-i1620452012-s7016360315.html?search=1&freeshipping=1
[HCM][Trả góp 0%]Laptop Hp Pavilion 15 cs3055wm i5 1035G1 Gen 10 8G SSD512 Full HD Full Box New,13.900.000 ₫,,,Hồ Chí Minh,https://www.lazada.vn/products/hcmtra-gop-0laptop-hp-pavilion-15-cs3055wm-i5-1035g1-gen-10-8g-ssd512-full-hd-full-box-new-i551422185-s1179912452.html?search=1
Laptop UFO Sony svf14 i5 ssd trắng tinh khôi thời trang sang trọng,5.690.000 ₫,,,Hà Nội,https://www.lazada.vn/products/laptop-ufo-sony-svf14-i5-ssd-trang-tinh-khoi-thoi-trang-sang-trong-i1617459005-s6998850547.html?search=1
Dell Latitude E6440 Core i5-4200M DDRam 4GB SSD 120GB Màn Hình 14.0,6.600.000 ₫,,,Hà Nội,https://www.lazada.vn/products/dell-latitude-e6440-core-i5-4200m-ddram-4gb-ssd-120gb-man-hinh-140-i795264591-s2149938793.html?search=1
dell 7470 i7,11.000.000 ₫,,,Hà Nội,https://www.lazada.vn/products/dell-7470-i7-i1620391110-s7016003877.html?search=1&freeshipping=1
[Trả góp 0%]laptop gaming Dell 5577 quái vật game Core i5 7300HQ/ram 16g ssd 256g+ hdd 1tb VGA GTX 1050 4G/ MÀn 15.6 FHD 1080 DÒNG MÁY CHUYÊN GAME,14.990.000 ₫,5,-8,Hà Nội,https://www.lazada.vn/products/tra-gop-0laptop-gaming-dell-5577-quai-vat-game-core-i5-7300hqram-16g-ssd-256g-hdd-1tb-vga-gtx-1050-4g-man-156-fhd-1080-dong-may-chuyen-game-i237033426-s7027178964.html?search=1
LAPTOP HP DV6000,1.800.000 ₫,,,Đồng Nai,https://www.lazada.vn/products/laptop-hp-dv6000-i443886788-s800696669.html?search=1&freeshipping=1
[Trả góp 0%]Laptop Siêu di động Dell Latitude E7250 Core i5-5300u/ Ram 4gb/  SSD 128Gb/ 12.5 inch Mỏng nhẹ hợp kim Magie Cacbon- Hàng Xách Tay,6.750.000 ₫,5,-19,Thái Bình,https://www.lazada.vn/products/tra-gop-0laptop-sieu-di-dong-dell-latitude-e7250-core-i5-5300u-ram-4gb-ssd-128gb-125-inch-mong-nhe-hop-kim-magie-cacbon-hang-xach-tay-i272144794-s2878354810.html?search=1
[Trả góp 0% ] Dell Precision 7510 Laptop Đồ Họa Khủng i7-6820HQ VGA NVIDIA Quadro M1000M-2G Màn 15.6 FullHD IPS,17.200.000 ₫,4,-10,Hà Nội,https://www.lazada.vn/products/tra-gop-0-dell-precision-7510-laptop-do-hoa-khung-i7-6820hq-vga-nvidia-quadro-m1000m-2g-man-156-fullhd-ips-i1012300700-s3334240123.html?search=1&freeshipping=1
Màn hình LCD Dell P2721Q/ 27 inch 4K/ USB Type C/ 3Yrs,11.490.000 ₫,5,-1,Hà Nội,https://www.lazada.vn/products/man-hinh-lcd-dell-p2721q-27-inch-4k-usb-type-c-3yrs-i1470777946-s6110175063.html?search=1
LAPTOP HP FOLIO 9470M CORE I7/4/128G (SSD 128G BH 3 NĂM),11.490.000 ₫,,,Hà Nội,https://www.lazada.vn/products/laptop-hp-folio-9470m-core-i74128g-ssd-128g-bh-3-nam-i1411956274-s5842711110.html?search=1
JIANGF Alloy Lapdesks Notebook Non-Slip Riser Laptop Accessories Notebook Holder Foldable Laptop Laptop Stand,157.000 ₫,,,Overseas,https://www.lazada.vn/products/jiangf-alloy-lapdesks-notebook-non-slip-riser-laptop-accessories-notebook-holder-foldable-laptop-laptop-stand-i1438822011-s5954067291.html?search=1
HP PAVILION 15/ I3-6100U/ 4G/ 500GB,6.500.000 ₫,,,Hà Nội,https://www.lazada.vn/products/hp-pavilion-15-i3-6100u-4g-500gb-i1411865586-s5842536836.html?search=1
"Tronics Miếng Dán An Toàn Phản Quang Thân Xe Đạp 5Cm * 3M, Dải Cảnh Báo Không Thấm Nước Nhãn Dán Phản Quang Lái Xe Ban Đêm Truyền Thống Máy Tính Xách Tay",27.000 ₫,,,Overseas,https://www.lazada.vn/products/tronics-mieng-dan-an-toan-phan-quang-than-xe-dap-5cm-3m-dai-canh-bao-khong-tham-nuoc-nhan-dan-phan-quang-lai-xe-ban-dem-truyen-thong-may-tinh-xach-tay-i1494054955-s6249834586.html?search=1
"Laptop Dell N3543 Core i7-5500U, ram 8G ,SSD+HDD ,VGA rời giá rẻ",10.499.000 ₫,,,Hà Nội,https://www.lazada.vn/products/laptop-dell-n3543-core-i7-5500u-ram-8g-ssdhdd-vga-roi-gia-re-i1411959207-s5842579548.html?search=1
"Dell Precision 7510 - máy trạm đồ họa cao cấp mỏng nhẹ cao cấp, bh 24th",15.790.000 ₫,,,Hà Nội,https://www.lazada.vn/products/dell-precision-7510-may-tram-do-hoa-cao-cap-mong-nhe-cao-cap-bh-24th-i1411887494-s5842555780.html?search=1
"HP Elitebook 745 G2, màn hình: 14 inch, HD (1366×768), xuất xứ: nhập khẩu từ Mỹ, like new 98%, bảo hành sản phẩm 36 tháng",6.900.000 ₫,,,Hồ Chí Minh,https://www.lazada.vn/products/hp-elitebook-745-g2-man-hinh-14-inch-hd-1366768-xuat-xu-nhap-khau-tu-my-like-new-98-bao-hanh-san-pham-36-thang-i989350176-s3150722379.html?search=1
"Laptop Dell 7240 Core i7 4600U, Core i5 4300U, ram 4g,ssd128 giá rẻ",9.690.000 ₫,,,Hà Nội,https://www.lazada.vn/products/laptop-dell-7240-core-i7-4600u-core-i5-4300u-ram-4gssd128-gia-re-i1411872598-s5842502546.html?search=1
"laptop Dell E5450 Core i7 5500U, ram 8g ,ssd128+hdd giá rẻ",10.190.000 ₫,,,Hà Nội,https://www.lazada.vn/products/laptop-dell-e5450-core-i7-5500u-ram-8g-ssd128hdd-gia-re-i1411803821-s5842681382.html?search=1
BKIJJ Hợp Kim Lapdesks Không-Trượt Máy Tính Xách Tay Riser Giữ Máy Tính Xách Tay Có Thể Gập Lại Máy Tính Xách Tay Máy Tính Xách Tay Phụ Kiện Máy Tính Xách Tay Đứng,157.000 ₫,,,Overseas,https://www.lazada.vn/products/bkijj-hop-kim-lapdesks-khong-truot-may-tinh-xach-tay-riser-giu-may-tinh-xach-tay-co-the-gap-lai-may-tinh-xach-tay-may-tinh-xach-tay-phu-kien-may-tinh-xach-tay-dung-i1626691200-s7065357115.html?search=1
[HCM]Chai xịt bọt tuyết Handboss tẩy rửa đa năng (650ml) chai vệ sinh laptop/ô tô/ đồ gia dụng cam kết sản phẩm đúng mô tả chất lượng đảm bảo,65.000 ₫,,,Hồ Chí Minh,https://www.lazada.vn/products/hcmchai-xit-bot-tuyet-handboss-tay-rua-da-nang-650ml-chai-ve-sinh-laptopo-to-do-gia-dung-cam-ket-san-pham-dung-mo-ta-chat-luong-dam-bao-i982684613-s3110740468.html?search=1
Sạc laptop 15v,108.000 ₫,5,-1,Hà Nội,https://www.lazada.vn/products/sac-laptop-15v-i102557764-s103086957.html?search=1
"Cáp chia VGA 1 ra 2 dài 20cm gắn cho máy tính, laptop để thêm màn hình",50.000 ₫,5,-1,Hồ Chí Minh,https://www.lazada.vn/products/cap-chia-vga-1-ra-2-dai-20cm-gan-cho-may-tinh-laptop-de-them-man-hinh-i251401680-s333294282.html?search=1
Sạc pin cho laptop hp zbook 15 g2 hàng theo máy chính hãng,699.000 ₫,,,Hà Nội,https://www.lazada.vn/products/sac-pin-cho-laptop-hp-zbook-15-g2-hang-theo-may-chinh-hang-i1455378962-s6025379252.html?search=1
"Bàn Phim Cơ Giá Rẻ ,  Bàn Phím Led K600 Thế Hệ Mới , Ban Phim May Tinh De Ban, Giá Bàn Phím Máy Tính Laptop Bảo Hành Lâu Dài.",201.450 ₫,5,-12,Hồ Chí Minh,https://www.lazada.vn/products/ban-phim-co-gia-re-ban-phim-led-k600-the-he-moi-ban-phim-may-tinh-de-ban-gia-ban-phim-may-tinh-laptop-bao-hanh-lau-dai-i1270883107-s4788105027.html?search=1
Bộ vệ sinh Laptop,15.000 ₫,,,Hà Nội,https://www.lazada.vn/products/bo-ve-sinh-laptop-i1240561095-s4622880988.html?search=1
Dây Nguồn Sạc Laptop - Cáp Nguồn Kết Nối Điện 220v Tới Cục Sạc Laptop,10.000 ₫,5,-1,Hà Nội,https://www.lazada.vn/products/day-nguon-sac-laptop-cap-nguon-ket-noi-dien-220v-toi-cuc-sac-laptop-i1506281603-s6312043517.html?search=1
"Lót chuột, bàn di chuột dành cho máy tính, laptop",55.000 ₫,5,-6,Hà Nội,https://www.lazada.vn/products/lot-chuot-ban-di-chuot-danh-cho-may-tinh-laptop-i1608734723-s6929954544.html?search=1
Dây nguồn laptop IEC C5 dài 1.5M EU Laptop 3-pin Charger loại tốt,19.900 ₫,,,Hà Nội,https://www.lazada.vn/products/day-nguon-laptop-iec-c5-dai-15m-eu-laptop-3-pin-charger-loai-tot-i1372683222-s5683040087.html?search=1
[HCM]Bộ vệ sinh màn hình LCD / laptop 6 món . Vi Tính Quốc Duy,57.000 ₫,5,-1,Hồ Chí Minh,https://www.lazada.vn/products/hcmbo-ve-sinh-man-hinh-lcd-laptop-6-mon-vi-tinh-quoc-duy-i215469138-s269959970.html?search=1
"Laptop HP ProBook 440 G8 Core i5-1135G7 - 8GB RAM - 256GB SSD - 14""FHD - Win10 HomeSilver/2H0S6PA - Hàng chính hãng - Bảo hành 1 năm",19.990.000 ₫,4,-11,Bắc Ninh,https://www.lazada.vn/products/laptop-hp-probook-440-g8-core-i5-1135g7-8gb-ram-256gb-ssd-14fhd-win10-homesilver2h0s6pa-hang-chinh-hang-bao-hanh-1-nam-i1188324481-s4364490464.html?search=1&freeshipping=1
Laptop Asus A556u i5/8G/ssd128gb/card rời gtx 930,5.600.000 ₫,,,Nghệ An,https://www.lazada.vn/products/laptop-asus-a556u-i58gssd128gbcard-roi-gtx-930-i1290810287-s4897805306.html?search=1
[Trả góp 0%]Laptop chơi game + đồ họa  HP 6570B Core i5 3210M Ram 8G SSD 256g Màn 15.6 Phím Số Vỏ Nhôm,5.900.000 ₫,4,-67,Hà Nội,https://www.lazada.vn/products/tra-gop-0laptop-choi-game-do-hoa-hp-6570b-core-i5-3210m-ram-8g-ssd-256g-man-156-phim-so-vo-nhom-i246744507-s4525121410.html?search=1
hp elitebook 840 g2 i7,8.500.000 ₫,,,Hà Nội,https://www.lazada.vn/products/hp-elitebook-840-g2-i7-i1620395444-s7016575273.html?search=1&freeshipping=1
Laptop Cũ Dell Latitude E7450 Core i5* 5200U - Ram 8GB - SSD 256GB - Intel HD Graphics 5500 - Màn 14” HD,7.850.000 ₫,,,Hà Nội,https://www.lazada.vn/products/laptop-cu-dell-latitude-e7450-core-i5-5200u-ram-8gb-ssd-256gb-intel-hd-graphics-5500-man-14-hd-i781016519-s2089874222.html?search=1
Brand New Razer Blade Pro 17 Laptop D 17 Core i7-10875H 2.6GHz 3080 32GB RAM 1TB SSD,16.000.000 ₫,,,Bình Dương,https://www.lazada.vn/products/brand-new-razer-blade-pro-17-laptop-d-17-core-i7-10875h-26ghz-3080-32gb-ram-1tb-ssd-i1542836855-s6491848215.html?search=1
[Trả góp 0%]Laptop HP Probook 450 G1 - thiết kế đẹp mạnh mẽ ( i5-4200M ram 16Gssd 256g+  hdd 1TB VGA Intel HD 4600 15.6 inch HD),7.500.000 ₫,5,-4,Hà Nội,https://www.lazada.vn/products/tra-gop-0laptop-hp-probook-450-g1-thiet-ke-dep-manh-me-i5-4200m-ram-16gssd-256g-hdd-1tb-vga-intel-hd-4600-156-inch-hd-i223059193-s5156388038.html?search=1
[VOUCHER 3 TRIỆU] Laptop HP Pavilion 15-eg0506TX (46M05PA) i5-1135G7 | 8GB RAM | 512GB SSD | 15.6 FHD | BẠC | WIN 11,20.990.000 ₫,5,-3,Hà Nội,https://www.lazada.vn/products/voucher-3-trieu-laptop-hp-pavilion-15-eg0506tx-46m05pa-i5-1135g7-8gb-ram-512gb-ssd-156-fhd-bac-win-11-i1570885948-s6661145031.html?search=1
"MSI GP70 (2OD-229) (INTEL CORE I7-4712QM 2.3GHZ, 4GB RAM, 1TB HDD, VGA NVIDIA GEFORCE GT 940M, 17.3 INCH, FREE DOS)",10.000.000 ₫,,,Hà Nội,https://www.lazada.vn/products/msi-gp70-2od-229-intel-core-i7-4712qm-23ghz-4gb-ram-1tb-hdd-vga-nvidia-geforce-gt-940m-173-inch-free-dos-i1411871673-s5842679531.html?search=1
[HCM]Laptop HP 430 G1/2 Cho Các Bạn Sinh Viên Và Dân VP!!!,4.600.000 ₫,,,Hồ Chí Minh,https://www.lazada.vn/products/hcmlaptop-hp-430-g12-cho-cac-ban-sinh-vien-va-dan-vp-i1230540335-s4564549183.html?search=1
Khay Ổ Cứng Caddy Bay SATA 3 9.5mm / 12.7mm Lắp Ổ Cứng Thứ 2 cho Laptop,28.000 ₫,5,-57,Hà Nội,https://www.lazada.vn/products/khay-o-cung-caddy-bay-sata-3-95mm-127mm-lap-o-cung-thu-2-cho-laptop-i1386241897-s5741290904.html?search=1
MC Giá Đỡ Máy Tính Xách Tay 6 Tầng Điều Chỉnh Được LS501 Giá Đỡ Máy Tính Xách Tay Bằng Hợp Kim Nhôm Di Động Phù Hợp Cho Máy Tính Xách Tay 11-17 Inch Giá Đỡ Máy Tính Bảng Chống Trượt Gập Được,137.130 ₫,4,-855,Overseas,https://www.lazada.vn/products/mc-gia-do-may-tinh-xach-tay-6-tang-dieu-chinh-duoc-ls501-gia-do-may-tinh-xach-tay-bang-hop-kim-nhom-di-dong-phu-hop-cho-may-tinh-xach-tay-11-17-inch-gia-do-may-tinh-bang-chong-truot-gap-duoc-i1388948658-s5753446596.html?search=1
"Chuột Không dây Logitech M220 chống ồn cao cấp, chuột chuyên Văn phòng, dùng cho máy vi tính, laptop, chơi game - 1 đổi 1",59.000 ₫,5,-390,Hà Nội,https://www.lazada.vn/products/chuot-khong-day-logitech-m220-chong-on-cao-cap-chuot-chuyen-van-phong-dung-cho-may-vi-tinh-laptop-choi-game-1-doi-1-i1479166700-s6159611020.html?search=1
"Thiết bị thu phát âm thanh Usb bluetooth 5.0 đa chức năng jack cắm 3.5mm cho loa, Tivi, máy tính, laptop, xe ô tô",52.020 ₫,5,-551,Hà Nội,https://www.lazada.vn/products/thiet-bi-thu-phat-am-thanh-usb-bluetooth-50-da-chuc-nang-jack-cam-35mm-cho-loa-tivi-may-tinh-laptop-xe-o-to-i975082716-s3064244657.html?search=1
"Túi đeo laptop, macbook chống sốc, chống nước. Túi laptop nhỏ gọn 13inch, 14inch, 15inch, 16inch-MG01  ⭐",299.000 ₫,5,-4,Hà Nội,https://www.lazada.vn/products/tui-deo-laptop-macbook-chong-soc-chong-nuoc-tui-laptop-nho-gon-13inch-14inch-15inch-16inch-mg01-i1508342204-s6321453763.html?search=1
Túi đeo chéo trẻ trung phong cách,22.540 ₫,5,-409,Đà Nẵng,https://www.lazada.vn/products/tui-deo-cheo-tre-trung-phong-cach-i576852684-s1276064895.html?search=1
Tai Nghe Chống Ồn Super Bass S2000 Kiểu Dáng Nhét Tai in ear Nghe Nhạc Cực Hay Âm Thanh Siêu Ấm Tai Phone Cho Điện Thoại Máy Tính Laptop Jack Cắm 3.5mm,49.000 ₫,5,-290,Hà Nội,https://www.lazada.vn/products/tai-nghe-chong-on-super-bass-s2000-kieu-dang-nhet-tai-in-ear-nghe-nhac-cuc-hay-am-thanh-sieu-am-tai-phone-cho-dien-thoai-may-tinh-laptop-jack-cam-35mm-i898590245-s2602456384.html?search=1
"Webcam Logitech C270 720p HD - Góc camera rộng, micro giảm ồn, tự động chỉnh sáng cho Video Call, chụp ảnh 3MB, phù hợp PC/ Laptop",559.000 ₫,5,-72,Hồ Chí Minh,https://www.lazada.vn/products/webcam-logitech-c270-720p-hd-goc-camera-rong-micro-giam-on-tu-dong-chinh-sang-cho-video-call-chup-anh-3mb-phu-hop-pc-laptop-i260188425-s364394059.html?search=1
Baseus USB A to Type C Bộ chuyển đổi Micro USB C OTG Bộ chuyển đổi USB A Male sang Type C Female Adapter cho Máy tính xách tay Máy tính xách tay Macbook U Disk Ngày truyền,39.000 ₫,4,-43,Overseas,https://www.lazada.vn/products/baseus-usb-a-to-type-c-bo-chuyen-doi-micro-usb-c-otg-bo-chuyen-doi-usb-a-male-sang-type-c-female-adapter-cho-may-tinh-xach-tay-may-tinh-xach-tay-macbook-u-disk-ngay-truyen-i1473489945-s6127472237.html?search=1
"Chuột không dây, chuột máy tính, chuột gaming Logitech M220 Silent giảm ồn - USB 2.4GHz, pin 18 tháng, thiết kế thuận 2 tay, phù hợp PC/ Laptop",65.000 ₫,5,-272,Hồ Chí Minh,https://www.lazada.vn/products/chuot-khong-day-chuot-may-tinh-chuot-gaming-logitech-m220-silent-giam-on-usb-24ghz-pin-18-thang-thiet-ke-thuan-2-tay-phu-hop-pc-laptop-i1403932284-s6482556287.html?search=1
"Bộ Chuyển Đổi DAARIEY SENCODE Type-C Usb3.0, HUB Type-C Sang USB OTG, Với Ánh Sáng Xung Quanh, Phích Cắm Mở Rộng Máy Tính Di Động.",25.000 ₫,,,Overseas,https://www.lazada.vn/products/bo-chuyen-doi-daariey-sencode-type-c-usb30-hub-type-c-sang-usb-otg-voi-anh-sang-xung-quanh-phich-cam-mo-rong-may-tinh-di-dong-i1488757990-s6218215835.html?search=1
"Kệ ,Giá Đỡ Laptop Và Macbook Tản Nhiệt Tự Nhiên Thông Minh Bằng Gỗ Cao Cấp",78.000 ₫,5,-716,Hà Nội,https://www.lazada.vn/products/ke-gia-do-laptop-va-macbook-tan-nhiet-tu-nhien-thong-minh-bang-go-cao-cap-i1370049120-s6133433999.html?search=1
"Balo Laptop Hàn Quốc Cao Cấp PRAZA, Có Cổng Sạc USB, Có Ngăn Đựng Laptop, Đi Học Đi Làm Đi Chơi - BL174",99.000 ₫,4,-437,Hồ Chí Minh,https://www.lazada.vn/products/balo-laptop-han-quoc-cao-cap-praza-co-cong-sac-usb-co-ngan-dung-laptop-di-hoc-di-lam-di-choi-bl174-i101865586-s394626944.html?search=1
"[Bảo hành 24 Tháng] Webcam máy tính pc để bàn có mic A870 , hỗ trợ Học Online Qua ZOOM, Trực Tuyến- Hội Họp -Gọi Video Hình Ảnh Sắc Nét , Webcam cho máy tính , Webcam có míc , Webcam laptop , Webcam pc",92.000 ₫,5,-52,Nam Định,https://www.lazada.vn/products/bao-hanh-24-thang-webcam-may-tinh-pc-de-ban-co-mic-a870-ho-tro-hoc-online-qua-zoom-truc-tuyen-hoi-hop-goi-video-hinh-anh-sac-net-webcam-cho-may-tinh-webcam-co-mic-webcam-laptop-webcam-pc-i1481944791-s6178267051.html?search=1&freeshipping=1
【100% chính hãng】 Chuột không dây có thể sạc lại cho văn phòng chơi game DPI 1600 Quang học Ergonomic Chuột chơi game PC Máy tính máy tính xách tay Chuột máy tính xách tay Màu đen bạc,69.000 ₫,5,-550,Overseas,https://www.lazada.vn/products/100-chinh-hang-chuot-khong-day-co-the-sac-lai-cho-van-phong-choi-game-dpi-1600-quang-hoc-ergonomic-chuot-choi-game-pc-may-tinh-may-tinh-xach-tay-chuot-may-tinh-xach-tay-mau-den-bac-i876720194-s2510242155.html?search=1
"Bao da Macbook, Laptop kèm đế kê máy tiện lợi, thời trang, chống trầy xước, bảo vệ máy ⭐",265.000 ₫,5,-3,Hà Nội,https://www.lazada.vn/products/bao-da-macbook-laptop-kem-de-ke-may-tien-loi-thoi-trang-chong-tray-xuoc-bao-ve-may-i1614319846-s6974024567.html?search=1
Cáp Mạng UTP Cat 5E Dây Xanh ( Bấm Sẵn 2 Đầu ),8.960 ₫,5,-135,Hồ Chí Minh,https://www.lazada.vn/products/cap-mang-utp-cat-5e-day-xanh-bam-san-2-dau-i379122677-s635426392.html?search=1
Đế tản nhiệt laptop BAMBA B4 BH 12 tháng,309.500 ₫,,,Hồ Chí Minh,https://www.lazada.vn/products/de-tan-nhiet-laptop-bamba-b4-bh-12-thang-i1555269183-s6556298966.html?search=1
Pin Laptop Sam.Sung R428 R429 (Màu Đen),245.000 ₫,5,-2,Hà Nội,https://www.lazada.vn/products/pin-laptop-samsung-r428-r429-mau-den-i232399612-s295333472.html?search=1
Loa mỏng cho laptop,70.000 ₫,4,-7,Hải Phòng,https://www.lazada.vn/products/loa-mong-cho-laptop-i222220070-s279730972.html?search=1
"Túi đeo chéo nam vải gió chống thấm nước tích hợp cổng sạc USB, thiết kế nhiều ngăn rộng rãi để được sách và ipad",95.500 ₫,5,-350,Hà Nội,https://www.lazada.vn/products/tui-deo-cheo-nam-vai-gio-chong-tham-nuoc-tich-hop-cong-sac-usb-thiet-ke-nhieu-ngan-rong-rai-de-duoc-sach-va-ipad-i822354856-s6023441562.html?search=1
Hộp Box HDD Western Sata 2.5 laptop usb 3.0,140.000 ₫,,,Đồng Nai,https://www.lazada.vn/products/hop-box-hdd-western-sata-25-laptop-usb-30-i1242859753-s4631803994.html?search=1
"Combo Kệ Laptop / Điện Thoại mini TiTi Wood bằng gỗ sồi phủ Veneer cao cấp, thiết kế tinh xảo",25.000 ₫,5,-48,Hà Nội,https://www.lazada.vn/products/combo-ke-laptop-dien-thoai-mini-titi-wood-bang-go-soi-phu-veneer-cao-cap-thiet-ke-tinh-xao-i1325294337-s6614931013.html?search=1
Loa vi tính âm Bass Trầm nổi loa di động Eagle Eye MC V-128 dùng cho điện thoại máy tính laptop giắc cắm âm thanh 3.5MM,81.000 ₫,5,-154,Hà Nội,https://www.lazada.vn/products/loa-vi-tinh-am-bass-tram-noi-loa-di-dong-eagle-eye-mc-v-128-dung-cho-dien-thoai-may-tinh-laptop-giac-cam-am-thanh-35mm-i1401982040-s6402602639.html?search=1
[HCM]Nắp Đậy Bảo Vệ Camera Điện Thoại / Camera Laptop Chống Nhìn Trộm,6.000 ₫,5,-28,Hồ Chí Minh,https://www.lazada.vn/products/hcmnap-day-bao-ve-camera-dien-thoai-camera-laptop-chong-nhin-trom-i1325847944-s5313300067.html?search=1
"ARDISSI Túi đựng Máy tính xách tay Chống sốc Bảo vệ Nằm ngang cho Macbook Air 11 12 13,3 15,4 inch Pro 13 14 15 16 Vỏ bọc sạc Máy tính bảng ốp lưng Tay áo Phụ kiện Không thấm nước Mac ipad Apple Huawei Matebook Case Xiaomi Laptop Cover RedmiBook Acer ASUS",221.570 ₫,4,-81,Bình Dương,https://www.lazada.vn/products/ardissi-tui-dung-may-tinh-xach-tay-chong-soc-bao-ve-nam-ngang-cho-macbook-air-11-12-133-154-inch-pro-13-14-15-16-vo-boc-sac-may-tinh-bang-op-lung-tay-ao-phu-kien-khong-tham-nuoc-mac-ipad-apple-huawei-matebook-case-xiaomi-laptop-cover-redmibook-acer-asus-i1362185716-s6628533180.html?search=1&freeshipping=1
"Micro Để Bàn Amorus W33, Micro Máy Tính USB Giảm Tiếng Ồn Với RGB Ánh Sáng, Cho PC Laptop PS4 Mic",174.000 ₫,,,Overseas,https://www.lazada.vn/products/micro-de-ban-amorus-w33-micro-may-tinh-usb-giam-tieng-on-voi-rgb-anh-sang-cho-pc-laptop-ps4-mic-i1469386919-s6103186829.html?search=1
1 Chiếc Đèn Led Đọc Sách USB Siêu Sáng Có Thể Gập Lại Đèn Đọc Sách Cầm Tay Đèn Để Bàn Để Cấp Nguồn Cho Máy Tính Máy Tính Xách Tay Đèn Ngủ,5.000 ₫,,,Overseas,https://www.lazada.vn/products/1-chiec-den-led-doc-sach-usb-sieu-sang-co-the-gap-lai-den-doc-sach-cam-tay-den-de-ban-de-cap-nguon-cho-may-tinh-may-tinh-xach-tay-den-ngu-i1574243971-s6719147445.html?search=1
Nillkin Bolster portable stand Foldable Laptop Stand Freely Adjustable Ventilated Computer Cooling Stand Lifter Ergonomic Adjustable Laptop Stand for MacBook Pro / Air Etc / Huawei / riser Laptop Stand Freely Adjustable Ventilated Computer Cooling,84.990 ₫,5,-174,Overseas,https://www.lazada.vn/products/nillkin-bolster-portable-stand-foldable-laptop-stand-freely-adjustable-ventilated-computer-cooling-stand-lifter-ergonomic-adjustable-laptop-stand-for-macbook-pro-air-etc-huawei-riser-laptop-stand-freely-adjustable-ventilated-computer-cooling-i1099224501-s3824930254.html?search=1
Keo Tản Nhiệt CPU Laptop làm mát máy loại Xịn Stars DRG102 - Ống chích lớn giải nhiệt tiện lợi,20.000 ₫,5,-107,Hồ Chí Minh,https://www.lazada.vn/products/keo-tan-nhiet-cpu-laptop-lam-mat-may-loai-xin-stars-drg102-ong-chich-lon-giai-nhiet-tien-loi-i245162756-s314170274.html?search=1
Laptop học online giá rẻ 2GB có camera,1.650.000 ₫,5,-34,Hồ Chí Minh,https://www.lazada.vn/products/laptop-hoc-online-gia-re-2gb-co-camera-i974494760-s3061142959.html?search=1
[Trả góp 0%]Siêu Phẩm Utrabook Mỏng Nhẹ cao cấp-HP EliteBook 840 G1 ( i5-4300U ram 16GB SSD 256G VGA on Intel HD 4400 màn 14″ HD),6.900.000 ₫,5,-13,Hà Nội,https://www.lazada.vn/products/tra-gop-0sieu-pham-utrabook-mong-nhe-cao-cap-hp-elitebook-840-g1-i5-4300u-ram-16gb-ssd-256g-vga-on-intel-hd-4400-man-14-hd-i163171668-s774018613.html?search=1
"Dell latitude E6540 khủng long đồ họa i5-4300M , i7 4800QM ram 16g ssd256g+ 1tb VGA Radeon 8790M 2Gb MÀN 15.6 IN) laptop chuyên đồ họa",8.400.000 ₫,4,-30,Hà Nội,https://www.lazada.vn/products/dell-latitude-e6540-khung-long-do-hoa-i5-4300m-i7-4800qm-ram-16g-ssd256g-1tb-vga-radeon-8790m-2gb-man-156-in-laptop-chuyen-do-hoa-i223887850-s6850861867.html?search=1
"[Trả góp 0%]Laptop CAO CẤP Dell Latitude E7240 Core i5 4200u/ Ram 8Gb/ SSD 120Gb/ 12.5 inch - Bảo hành 6 tháng Tặng TÚI ĐỰNG, CHUỘT, TAI NGHE",7.590.000 ₫,5,-8,Hà Nội,https://www.lazada.vn/products/tra-gop-0laptop-cao-cap-dell-latitude-e7240-core-i5-4200u-ram-8gb-ssd-120gb-125-inch-bao-hanh-6-thang-tang-tui-dung-chuot-tai-nghe-i1114064708-s6679893192.html?search=1
Lenovo Thinkpad X260 i5 6300u | Ram 8GB PC4 | SSD 256GB,7.500.000 ₫,,,Hồ Chí Minh,https://www.lazada.vn/products/lenovo-thinkpad-x260-i5-6300u-ram-8gb-pc4-ssd-256gb-i747516297-s1938762104.html?search=1
MacBook Air 13.3 inches M1 Chipset (8GB / 16GB - 256GB / 512GB) - HÀNG CHÍNH HÃNG,28.990.000 ₫,5,-307,Bắc Ninh,https://www.lazada.vn/products/macbook-air-133-inches-m1-chipset-8gb-16gb-256gb-512gb-hang-chinh-hang-i1040858590-s3520978989.html?search=1
OKDEALS Xách Tay Riser Không-Trượt Máy Tính Làm Mát Khung Máy Tính Xách Tay Máy Tính Xách Tay Máy Tính Xách Tay Đứng Chủ Có Thể Gập Lại Máy Tính Xách Tay Máy Tính Xách Tay Phụ Kiện,157.000 ₫,,,Overseas,https://www.lazada.vn/products/okdeals-xach-tay-riser-khong-truot-may-tinh-lam-mat-khung-may-tinh-xach-tay-may-tinh-xach-tay-may-tinh-xach-tay-dung-chu-co-the-gap-lai-may-tinh-xach-tay-may-tinh-xach-tay-phu-kien-i1617751735-s7000835936.html?search=1
"Laptop Dell Latitude E6430 ( Core i5, 4GB, 250G HDD ) Intel HD , 14 inch - BH 03THÁNG (SPTECH COMPUTER)",7.250.000 ₫,,,Hồ Chí Minh,https://www.lazada.vn/products/laptop-dell-latitude-e6430-core-i5-4gb-250g-hdd-intel-hd-14-inch-bh-03thang-sptech-computer-i1257128981-s4707010209.html?search=1
Laptop DELL Latitude E7440 Core i5-4300U/ 4gb RAM/ 128gb SSD màn cảm ứng 14inch HD tặng Túi Chuột,5.800.000 ₫,,,Hà Nội,https://www.lazada.vn/products/laptop-dell-latitude-e7440-core-i5-4300u-4gb-ram-128gb-ssd-man-cam-ung-14inch-hd-tang-tui-chuot-i677562695-s1652986924.html?search=1
[HCM]HP ELITEBOOK 8760W GIÁ SHOCK CỰC ƯU ĐÃI! ( I7-2620M RAM 8GB SSD 128GB ),7.000.000 ₫,,,Hồ Chí Minh,https://www.lazada.vn/products/hcmhp-elitebook-8760w-gia-shock-cuc-uu-dai-i7-2620m-ram-8gb-ssd-128gb-i1230484705-s4564420843.html?search=1
[HCM]HP ELITEBOOK 8760W MÁY XỊN GIÁ ƯU ĐÃI ! ( I7 2670QM RAM 8GB SSD 256GB ),8.200.000 ₫,,,Hồ Chí Minh,https://www.lazada.vn/products/hcmhp-elitebook-8760w-may-xin-gia-uu-dai-i7-2670qm-ram-8gb-ssd-256gb-i1230507552-s4564538395.html?search=1
"[TRẢ GÓP 0%](NEW SEAL 100%) Lenovo Yoga 6 13ALC05, Xoay Gập Cảm Ứng 2-in-1, Chip 12 Luồng Đồ Họa Khủng, Ryzen R5-5500U, RAM 8G, SSD 512G, VGA AMD Vega 7, Màn 13.3 FullHD IPS, Touch,100% sRGB",19.600.000 ₫,5,-1,Hà Nội,https://www.lazada.vn/products/tra-gop-0new-seal-100-lenovo-yoga-6-13alc05-xoay-gap-cam-ung-2-in-1-chip-12-luong-do-hoa-khung-ryzen-r5-5500u-ram-8g-ssd-512g-vga-amd-vega-7-man-133-fullhd-ips-touch100-srgb-i1230381715-s6741717509.html?search=1&freeshipping=1
"MSI GP62 7RDX CORE I7 7700HQ, VGA GTX 1050TI, bh 24th",16.890.000 ₫,,,Hà Nội,https://www.lazada.vn/products/msi-gp62-7rdx-core-i7-7700hq-vga-gtx-1050ti-bh-24th-i1411993076-s5842784012.html?search=1
Laptop Dell Inspiron 5770 Core i5-8250U 16GB SSD 128GB HDD 1TB 17.3 inch FHD Windows 10,13.500.000 ₫,,,Hồ Chí Minh,https://www.lazada.vn/products/laptop-dell-inspiron-5770-core-i5-8250u-16gb-ssd-128gb-hdd-1tb-173-inch-fhd-windows-10-i1595427647-s6837244592.html?search=1&freeshipping=1
"lenovo thinkpad x250 ,đơn giản nhưng đầy cuốn hút với lượng Fan chất như nước cất bh dài",9.990.000 ₫,,,Hà Nội,https://www.lazada.vn/products/lenovo-thinkpad-x250-don-gian-nhung-day-cuon-hut-voi-luong-fan-chat-nhu-nuoc-cat-bh-dai-i1411813819-s5842735274.html?search=1
Foldermate Fumei Máy Tính Xách Tay Ca Rô Cao Màu Sắc Thú Vị Học Sinh Văn Nghệ Thanh Niên Thời Thượng Vui Vẻ Sáng Tạo Sổ Tay Vẽ Dây Ngang Hai Cuộn Dây Túi Cắm Bảng Chức Năng Notepad Bìa PP Chống Nước,156.000 ₫,,,Overseas,https://www.lazada.vn/products/foldermate-fumei-may-tinh-xach-tay-ca-ro-cao-mau-sac-thu-vi-hoc-sinh-van-nghe-thanh-nien-thoi-thuong-vui-ve-sang-tao-so-tay-ve-day-ngang-hai-cuon-day-tui-cam-bang-chuc-nang-notepad-bia-pp-chong-nuoc-i1606344085-s6913349856.html?search=1
"Tốc Độ Cao 4 Cổng USB 3.0 Dây dài 30cm ,Đa Bộ Chia Hub Mở Rộng 5Gbps Cáp Cho Máy Tính Laptop",65.000 ₫,5,-137,Hồ Chí Minh,https://www.lazada.vn/products/toc-do-cao-4-cong-usb-30-day-dai-30cm-da-bo-chia-hub-mo-rong-5gbps-cap-cho-may-tinh-laptop-i531424702-s1089164960.html?search=1
[HCM]USB Bluetooth 5.0 Dongle Cho PC Truyền Phát Dữ Liệu Máy Tính Laptop Tín Hiệu Ổn Định thiết bị thu phát bluetooth cục phát bluetooth bộ thu phát bluetooth thu phát bluetooth cho máy in tay cầm tai nghe usb bluetooth không dây Mikatek,50.400 ₫,5,-43,Hồ Chí Minh,https://www.lazada.vn/products/hcmusb-bluetooth-50-dongle-cho-pc-truyen-phat-du-lieu-may-tinh-laptop-tin-hieu-on-dinh-thiet-bi-thu-phat-bluetooth-cuc-phat-bluetooth-bo-thu-phat-bluetooth-thu-phat-bluetooth-cho-may-in-tay-cam-tai-nghe-usb-bluetooth-khong-day-mikatek-i1312547791-s5143869430.html?search=1
"Túi Chống Sốc Đựng Laptop 14 inch, 15.6 inch",35.000 ₫,,,Hồ Chí Minh,https://www.lazada.vn/products/tui-chong-soc-dung-laptop-14-inch-156-inch-i1608879411-s6930661545.html?search=1
"GEL THẦN KỲ DÍNH BỤI VỆ SINH MÁY TÍNH, LAPTOP, OTO, CÁC BỀ MẶT NHẴN",9.000 ₫,,,Hải Phòng,https://www.lazada.vn/products/gel-than-ky-diacutenh-bui-ve-sinh-maacutey-tiacutenh-laptop-oto-caacutec-be-mat-nhan-i1467942532-s6093186716.html?search=1
Sạc Laptop Dell Vostro 5460 5470 5480 5560 chân nhỏ (không có kim ở đầu sạc) hàng cao cấp ZIN Output 19.5V – 4.62A loại chân Φ4.0x1.7mm,165.000 ₫,,,Hà Nội,https://www.lazada.vn/products/sac-laptop-dell-vostro-5460-5470-5480-5560-chan-nho-khong-co-kim-o-dau-sac-hang-cao-cap-zin-output-195v-462a-loai-chan-40x17mm-i1438623127-s5953413552.html?search=1
Adapter Chuyển Card WiFi Laptop Thành Card WiFi Máy Bàn (chân card MINI PCIE),160.000 ₫,5,-1,Hồ Chí Minh,https://www.lazada.vn/products/adapter-chuyen-card-wifi-laptop-thanh-card-wifi-may-ban-chan-card-mini-pcie-i1526903609-s6413086030.html?search=1
Sạc sử dụng cho Laptop Sony +Tặng dây nguồn 19.5V-3.9A,112.000 ₫,5,-8,Hồ Chí Minh,https://www.lazada.vn/products/sac-su-dung-cho-laptop-sony-tang-day-nguon-195v-39a-i219003222-s274908102.html?search=1
[HCM]Sạc Đa Năng Cho Laptop Cao Cấp Sạc đa năng Laptop từ 12v đến 24v có đủ tất các đầu nối,85.000 ₫,,,Hồ Chí Minh,https://www.lazada.vn/products/hcmsac-da-nang-cho-laptop-cao-cap-sac-da-nang-laptop-tu-12v-den-24v-co-du-tat-cac-dau-noi-i1436164504-s5945210139.html?search=1
Sạc Laptop DELL 19.5V 4.62A 90W (đầu kim lớn) ADAPTER Sạc Kèm Dây Nguồn Laptop các hiệu HP/ASUS/DELL/SONY,195.000 ₫,5,-2,Hồ Chí Minh,https://www.lazada.vn/products/sac-laptop-dell-195v-462a-90w-dau-kim-lon-adapter-sac-kem-day-nguon-laptop-cac-hieu-hpasusdellsony-i1585387469-s6755815495.html?search=1
"(TRACKPOINT) NÚM CHUỘT GIỮA BÀN PHÍM LAPTOP DELL, HP, LENOVO (NÚT CHUỘT CAO SU)",6.900 ₫,,,Hồ Chí Minh,https://www.lazada.vn/products/trackpoint-num-chuot-giua-ban-phim-laptop-dell-hp-lenovo-nut-chuot-cao-su-i1585977587-s6760095350.html?search=1
"Tai nghe nhét tai cao cấpBIHAI BH EJ-005 cho điện thoại, IPad, PC, Laptop có mic",38.000 ₫,5,-1,Hồ Chí Minh,https://www.lazada.vn/products/tai-nghe-nhet-tai-cao-capbihai-bh-ej-005-cho-dien-thoai-ipad-pc-laptop-co-mic-i1366667763-s5652328525.html?search=1
Sạc Laptop HP Probook 4520S 4521S 4525S 4530S 4535S 4540S 4545S 3.5A,120.000 ₫,5,-1,Hà Nội,https://www.lazada.vn/products/sac-laptop-hp-probook-4520s-4521s-4525s-4530s-4535s-4540s-4545s-35a-i209722951-s261719454.html?search=1
Sạc Laptop Lenovo 20V - 3.25A (65W) Chân Kim To dùng cho IBM - ThinkPad,125.000 ₫,5,-2,Hà Nội,https://www.lazada.vn/products/sac-laptop-lenovo-20v-325a-65w-chan-kim-to-dung-cho-ibm-thinkpad-i1425517811-s5904814683.html?search=1
"Sạc Laptop LENOVO 3,25 chân USB (chân vuông 20V - 3.25A - 65W)",135.000 ₫,5,-2,Hà Nội,https://www.lazada.vn/products/sac-laptop-lenovo-325-chan-usb-chan-vuong-20v-325a-65w-i1425507566-s5904419524.html?search=1
"Sạc laptop Dell 45w chân nhỏ zin, Sạc  Dell 45w chân nhỏ",225.000 ₫,,,Hà Nội,https://www.lazada.vn/products/sac-laptop-dell-45w-chan-nho-zin-sac-dell-45w-chan-nho-i1436427767-s5946347826.html?search=1
"Túi chống sốc thời trang CanvasArtisan cho laptop, MacBook - Oz159",135.000 ₫,,,Hà Nội,https://www.lazada.vn/products/tui-chong-soc-thoi-trang-canvasartisan-cho-laptop-macbook-oz159-i1578118135-s6705587620.html?search=1
TAI NGHE SAMSUNG AKG S10PLUS/GALAXY CAM KẾT BẢO HÀNH 12 THÁNG JACK TRÒN 3.5MM/ TẶNG KÈM 4 NÚT TAI PHỤ THÍCH HỢP NHỮNG SMART PHONE/LAPTOP/PC - GALVIN DINH,250.000 ₫,5,-11,Hồ Chí Minh,https://www.lazada.vn/products/tai-nghe-samsung-akg-s10plusgalaxy-cam-ket-bao-hanh-12-thang-jack-tron-35mm-tang-kem-4-nut-tai-phu-thich-hop-nhung-smart-phonelaptoppc-galvin-dinh-i447780898-s811286366.html?search=1
Dây Nguồn Laptop 1.5m,30.000 ₫,,,Hồ Chí Minh,https://www.lazada.vn/products/day-nguon-laptop-15m-i1546219834-s6508582661.html?search=1
[HCM]Sạc dành cho laptop IBM 16V - 4.5A-Hàng nhập khẩu,260.000 ₫,5,-1,Hồ Chí Minh,https://www.lazada.vn/products/hcmsac-danh-cho-laptop-ibm-16v-45a-hang-nhap-khau-i101293527-s101506439.html?search=1
Sạc Laptop IBM Thinkpad T420,146.000 ₫,5,-3,Hà Nội,https://www.lazada.vn/products/sac-laptop-ibm-thinkpad-t420-i205961654-s256339475.html?search=1
[SPOT HOT SALE]2021 NEW CHEAP 100cm giá32k deacl giấy nilon bọc dán chống xước tủ lạnh bàn học B071 decan dán oto xe máy điện thoại laptop bếp ga ..,49.481 ₫,,,Hà Nội,https://www.lazada.vn/products/spot-hot-sale2021-new-cheap-100cm-gia32k-deacl-giay-nilon-boc-dan-chong-xuoc-tu-lanh-ban-hoc-b071-decan-dan-oto-xe-may-dien-thoai-laptop-bep-ga-i1520514823-s6381470484.html?search=1
Sạc Laptop HP Probook 4530s 4535s 4540s 4545s 18.5v 3.5A 65W Hàng Nhập Khẩu mới 100% Bảo Hành !2 Tháng Lỗi 1 Đổi !,140.000 ₫,5,-1,Hà Nội,https://www.lazada.vn/products/sac-laptop-hp-probook-4530s-4535s-4540s-4545s-185v-35a-65w-hang-nhap-khau-moi-100-bao-hanh-2-thang-loi-1-doi-i206889779-s257347975.html?search=1
"Sạc Laptop Asus U50A, U50F, U50V, U50Vg U80 U80A U80V 19V 3.42A 65W + Tặng bộ vệ sinh Laptop",195.000 ₫,,,Hà Nội,https://www.lazada.vn/products/sac-laptop-asus-u50a-u50f-u50v-u50vg-u80-u80a-u80v-19v-342a-65w-tang-bo-ve-sinh-laptop-i101585541-s101857713.html?search=1
"Sạc Laptop Dell Latitude E6220, E6320, E6400, E6410, E6420 19.5V 4.62A 90W",250.000 ₫,5,-1,Hà Nội,https://www.lazada.vn/products/sac-laptop-dell-latitude-e6220-e6320-e6400-e6410-e6420-195v-462a-90w-i101139386-s101320797.html?search=1
Caddy bay HDD SSD SATA 3 9.5mm/12.7mm-Khay ổ cứng thay thế ổ DVD-NEW Bảo hành 6 tháng,35.000 ₫,5,-12,Hà Nội,https://www.lazada.vn/products/caddy-bay-hdd-ssd-sata-3-95mm127mm-khay-o-cung-thay-the-o-dvd-new-bao-hanh-6-thang-i838974183-s2336262719.html?search=1
Đầu búa tạ 5kg sắt chịu lực-Hàng chuyên dụng có độ cứng cao-Giadung24h,149.000 ₫,,,Phú Thọ,https://www.lazada.vn/products/dau-bua-ta-5kg-sat-chiu-luc-hang-chuyen-dung-co-do-cung-cao-giadung24h-i1263933015-s4754051945.html?search=1
Laptop Dell Vostro 3500 15.6 inches FHD (Intel / i3-1115G4 / 8GB / 256GB SSD / Win 10 Home SL) l Black l V5I3001W l HÀNG CHÍNH HÃNG,14.290.000 ₫,5,-38,Bắc Ninh,https://www.lazada.vn/products/laptop-dell-vostro-3500-156-inches-fhd-intel-i3-1115g4-8gb-256gb-ssd-win-10-home-sl-l-black-l-v5i3001w-l-hang-chinh-hang-i1469440576-s6103262442.html?search=1
Túi đeo chéo nam Unisex phong cách Hàn Quốc tích hợp 3 ngăn chứa đồ tiện dụng - Túi chéo nam,41.000 ₫,5,-261,Hà Nội,https://www.lazada.vn/products/tui-deo-cheo-nam-unisex-phong-cach-han-quoc-tich-hop-3-ngan-chua-do-tien-dung-tui-cheo-nam-i874860694-s2503482060.html?search=1
"50 Sticker chống nước MÀU NEON NEW miếng dán graffiti dán mũ bảo hiểm, laptop cốc nước ván trượt",7.590 ₫,5,-55,Hà Nội,https://www.lazada.vn/products/50-sticker-chong-nuoc-mau-neon-new-mieng-dan-graffiti-dan-mu-bao-hiem-laptop-coc-nuoc-van-truot-i1373495091-s5687672846.html?search=1
Pin laptop cũ hỏng để ae lấy Cell,24.000 ₫,5,-45,Hà Nội,https://www.lazada.vn/products/pin-laptop-cu-hong-de-ae-lay-cell-i1263748349-s4753805219.html?search=1
"Chuột dây Fuhlen L102,sử dụng cho nhiều thiết bị,laptop,may tính bảng,máy tính,tivi,điện thoại",33.896 ₫,4,-131,Hà Nội,https://www.lazada.vn/products/chuot-day-fuhlen-l102su-dung-cho-nhieu-thiet-bilaptopmay-tinh-bangmay-tinhtividien-thoai-i1357583511-s5609767049.html?search=1
"Miếng Phủ Bàn Phím Laptop 13 -14 in & 15 - 17 inch Silicon Chống Nước, Chống Bụi Bẩn",13.620 ₫,5,-128,Hồ Chí Minh,https://www.lazada.vn/products/mieng-phu-ban-phim-laptop-13-14-in-15-17-inch-silicon-chong-nuoc-chong-bui-ban-i1279757095-s4843486370.html?search=1
"COMBO Chuột dây Fuhlen L102 + Bàn di chuột ,sử dụng cho nhiều thiết bị,laptop,may tính bảng,máy tính,tivi,điện thoại",46.940 ₫,5,-207,Hà Nội,https://www.lazada.vn/products/combo-chuot-day-fuhlen-l102-ban-di-chuot-su-dung-cho-nhieu-thiet-bilaptopmay-tinh-bangmay-tinhtividien-thoai-i1357625420-s5609817118.html?search=1
Đế tản nhiệt tuỳ chỉnh độ nghiên cho laptop có đèn led N99 - 2 quạt - Sưu tầm mã Freeship max để được miễn phí vận chuyển,144.000 ₫,5,-518,Hồ Chí Minh,https://www.lazada.vn/products/de-tan-nhiet-tuy-chinh-do-nghien-cho-laptop-co-den-led-n99-2-quat-suu-tam-ma-freeship-max-de-duoc-mien-phi-van-chuyen-i245853978-s315505597.html?search=1
Túi đeo chéo nam vải canvas chống nước kiểu dáng Hàn Quốc TC78,43.100 ₫,5,-202,Hải Dương,https://www.lazada.vn/products/tui-deo-cheo-nam-vai-canvas-chong-nuoc-kieu-dang-han-quoc-tc78-i1235998903-s4587078824.html?search=1
"Balo Thời Trang Classic, Balo Học Sinh, Balo Siêu Hot Có Ngăn Laptop PRAZA - BL177 (Chính hãng phân phối)",87.000 ₫,5,-487,Hồ Chí Minh,https://www.lazada.vn/products/balo-thoi-trang-classic-balo-hoc-sinh-balo-sieu-hot-co-ngan-laptop-praza-bl177-chinh-hang-phan-phoi-i320666445-s513630116.html?search=1
"Dây Cáp Audio Chuyển Tai Nghe 3.5mm sang 2 đầu Mic và Tai nghe Sidotech JS20 gộp âm thanh và micro làm một, nối dài âm thanh dùng cho máy tính, laptop chơi game, livestream học trực tuyến",18.620 ₫,5,-81,Hà Nội,https://www.lazada.vn/products/day-cap-audio-chuyen-tai-nghe-35mm-sang-2-dau-mic-va-tai-nghe-sidotech-js20-gop-am-thanh-va-micro-lam-mot-noi-dai-am-thanh-dung-cho-may-tinh-laptop-choi-game-livestream-hoc-truc-tuyen-i846072606-s2367774050.html?search=1
"Túi xách laptop, macbook chống sốc cao cấp Winner. Túi laptop thời trang cho nữ 13inch, 14inch, 15.6inch ⭐",459.000 ₫,5,-3,Hà Nội,https://www.lazada.vn/products/tui-xach-laptop-macbook-chong-soc-cao-cap-winner-tui-laptop-thoi-trang-cho-nu-13inch-14inch-156inch-i1347768383-s5545727013.html?search=1
"Keo tản nhiệt Xám cho máy tính laptop hàng xịn cao cấp, Keo nhiệt làm mát Cpu cực nhanh, Mẫu keo tản nhiệt bán chạy",15.000 ₫,5,-22,Hồ Chí Minh,https://www.lazada.vn/products/keo-tan-nhiet-xam-cho-may-tinh-laptop-hang-xin-cao-cap-keo-nhiet-lam-mat-cpu-cuc-nhanh-mau-keo-tan-nhiet-ban-chay-i990526392-s3155054808.html?search=1
"Dán màn hình SURFACE PAPER (MÀN HÌNH GIẤY) - Dán chuyên dụng để vẽ- Pro 4/5/5/6/7, pro X, surface book, surface laptop ⭐",239.000 ₫,5,-4,Hà Nội,https://www.lazada.vn/products/dan-man-hinh-surface-paper-man-hinh-giay-dan-chuyen-dung-de-ve-pro-45567-pro-x-surface-book-surface-laptop-i1507793389-s6319144217.html?search=1
[RẺ VÔ ĐỊCH ] Túi đeo chéo thời trang messenger tiện lợi Fortune Mouse C345,22.910 ₫,5,-1344,Hồ Chí Minh,https://www.lazada.vn/products/re-vo-dich-tui-deo-cheo-thoi-trang-messenger-tien-loi-fortune-mouse-c345-i319682392-s512234718.html?search=1
[HCM]Túi Chống Sốc Cho Laptop 13-14-15 IN,27.230 ₫,5,-105,Hồ Chí Minh,https://www.lazada.vn/products/hcmtui-chong-soc-cho-laptop-13-14-15-in-i318752905-s510758346.html?search=1
"Túi đeo chéo nam vải Canvas phong cách Hàn Quốc tặng kèm ví da nam thanh lịch, sang trọng",85.720 ₫,5,-75,Hà Nội,https://www.lazada.vn/products/tui-deo-cheo-nam-vai-canvas-phong-cach-han-quoc-tang-kem-vi-da-nam-thanh-lich-sang-trong-i516586551-s2884720769.html?search=1
"Micro máy tính MC-NET30 có chân đế dành cho máy tính laptop Công nghệ giảm tiếng ồn, nhiễu (NCC) Dải tần rộng Âm thanh mạnh mẽ",70.000 ₫,5,-248,Hồ Chí Minh,https://www.lazada.vn/products/micro-may-tinh-mc-net30-co-chan-de-danh-cho-may-tinh-laptop-cong-nghe-giam-tieng-on-nhieu-ncc-dai-tan-rong-am-thanh-manh-me-i101699496-s101992698.html?search=1
"Dây mạng Cat 5 UTP 1m, 2m, 3m, 5m - Chính Hãng",4.100 ₫,5,-9,Hà Nội,https://www.lazada.vn/products/day-mang-cat-5-utp-1m-2m-3m-5m-chinh-hang-i853754423-s2403416708.html?search=1
"[TRI ÂN KH-HOÀN TIỀN 8%] Webcam HỌC ONLINE Trên Máy Tính PC, Laptop Livestream Có Mic Full HD PC Gaming 1080P/720P High Solution CHÍNH HÃNG",119.000 ₫,4,-155,Đà Nẵng,https://www.lazada.vn/products/tri-an-kh-hoan-tien-8-webcam-hoc-online-tren-may-tinh-pc-laptop-livestream-co-mic-full-hd-pc-gaming-1080p720p-high-solution-chinh-hang-i1517141481-s6983157129.html?search=1
Túi xách đeo chéo nam nữ thời trang Hàn quốc BEE GEE 072 Kích thước 27cm x 22cm x 8cm Chất liệu cao cấp - tui cheo nam,9.000 ₫,5,-1134,Hồ Chí Minh,https://www.lazada.vn/products/tui-xach-deo-cheo-nam-nu-thoi-trang-han-quoc-bee-gee-072-kich-thuoc-27cm-x-22cm-x-8cm-chat-lieu-cao-cap-tui-cheo-nam-i388216746-s7050157216.html?search=1
"Dây mạng Cat6E chuẩn UTP LBlink bấm sẵn 2 đầu các đoạn 10m - 40m , Cáp mạng Cat6, Dây mạng bấm sẵn, Day mang Cat6.",4.630 ₫,4,-95,Hải Phòng,https://www.lazada.vn/products/day-mang-cat6e-chuan-utp-lblink-bam-san-2-dau-cac-doan-10m-40m-cap-mang-cat6-day-mang-bam-san-day-mang-cat6-i750770619-s2336682794.html?search=1
[HCM]Balo thời trang nam nữ đi học đựng vừa laptop chống thấm nước - Trơn,75.000 ₫,5,-71,Hồ Chí Minh,https://www.lazada.vn/products/hcmbalo-thoi-trang-nam-nu-di-hoc-dung-vua-laptop-chong-tham-nuoc-tron-i1325674975-s5311679481.html?search=1
Pin 18650Pin 9800mAh 18650 3.7V Pin lithium Sạc Dự Phòng /Xe điện/Laptop... Chất lượng siêu tốt [BẢO HÀNH 1 NĂM],3.000 ₫,5,-18,Hà Nội,https://www.lazada.vn/products/pin-18650pin-9800mah-18650-37v-pin-lithium-sac-du-phong-xe-dienlaptop-chat-luong-sieu-tot-bao-hanh-1-nam-i1359777114-s5619603497.html?search=1
Ram Laptop Ddr3L Samsung 8Gb Buss 1600-Bh 3 Năm-New 100%-Nguyên Seal,649.000 ₫,5,-28,Hà Nội,https://www.lazada.vn/products/ram-laptop-ddr3l-samsung-8gb-buss-1600-bh-3-nam-new-100-nguyen-seal-i1256861432-s4699121492.html?search=1
Túi Đựng Máy Tính Xách Tay 11 13 15 15.6 Inch Vỏ Bọc Túi Đựng Máy Tính Xách Tay Dành Cho MacBook Air Pro Lenovo HP Dell Asus,69.890 ₫,5,-531,Bình Dương,https://www.lazada.vn/products/tui-dung-may-tinh-xach-tay-11-13-15-156-inch-vo-boc-tui-dung-may-tinh-xach-tay-danh-cho-macbook-air-pro-lenovo-hp-dell-asus-i420178667-s742730712.html?search=1
BALO BIN ORIGINAL SS2 VẢI DÙ,29.700 ₫,5,-107,Phú Yên,https://www.lazada.vn/products/balo-bin-original-ss2-vai-du-i1230963010-s5023190571.html?search=1
FONKEN HUB USB Bộ Chuyển Đổi 3 Cổng 5Gbps Di Động Mini 3.0 Tốc Độ Cao Cho Bàn Phím Chuột Kết Nối Udisk HUB Chia Cáp USB Cho Máy Tính Xách Tay Điện Thoại Di Động,40.680 ₫,5,-13,Bình Dương,https://www.lazada.vn/products/fonken-hub-usb-bo-chuyen-doi-3-cong-5gbps-di-dong-mini-30-toc-do-cao-cho-ban-phim-chuot-ket-noi-udisk-hub-chia-cap-usb-cho-may-tinh-xach-tay-dien-thoai-di-dong-i1460073045-s6048866773.html?search=1
[Được chọn mẫu] Dây kẹp thu gọn tai nghe cáp sạc điện thoại laptop hình thú dễ thương MPK03,6.555 ₫,5,-21,Hà Nội,https://www.lazada.vn/products/duoc-chon-mau-day-kep-thu-gon-tai-nghe-cap-sac-dien-thoai-laptop-hinh-thu-de-thuong-mpk03-i1374358650-s5694659034.html?search=1
"USB Thu Phát Wifi Cho PC Máy Tính Bàn Laptop Bị Hư Card Wifi, Tốc Độ Cao USB card mạng không dây thu phát hub router wifi, ăng ten bắt wifi cho máy tính bàn CuuLongstore",67.000 ₫,5,-253,Hồ Chí Minh,https://www.lazada.vn/products/usb-thu-phat-wifi-cho-pc-may-tinh-ban-laptop-bi-hu-card-wifi-toc-do-cao-usb-card-mang-khong-day-thu-phat-hub-router-wifi-ang-ten-bat-wifi-cho-may-tinh-ban-cuulongstore-i1176374548-s4339558037.html?search=1
"Sticker hộp 50 nhãn dán nhiều chủ đề - Hộp 50 miếng dán trang trí sổ tay Bullet Journal - M020 - Hình dán chất lượng cao - Trang trí ốp điện thoại, laptop, máy tính bỏ túi, sổ tay, nhật ký, thiệp và các đồ dùng khác",9.000 ₫,5,-31,Nghệ An,https://www.lazada.vn/products/sticker-hop-50-nhan-dan-nhieu-chu-de-hop-50-mieng-dan-trang-tri-so-tay-bullet-journal-m020-hinh-dan-chat-luong-cao-trang-tri-op-dien-thoai-laptop-may-tinh-bo-tui-so-tay-nhat-ky-thiep-va-cac-do-dung-khac-i1267064332-s5919660527.html?search=1
"Balo Laptop Campus, Balo Work Cao Cấp PRAZA, Có Cổng Sạc USB, Có Ngăn Đựng Laptop  - BL174",99.000 ₫,4,-938,Hồ Chí Minh,https://www.lazada.vn/products/balo-laptop-campus-balo-work-cao-cap-praza-co-cong-sac-usb-co-ngan-dung-laptop-bl174-i270078532-s399150320.html?search=1
"[ĐẲNG CẤP GAME PRO] Tai nghe nhét tai Gaming có dây có mic G901 chơi pubg, game mobile + tặng kèm cáp chuyển đổi để dùng cho máy tính, laptop [Goodshop4u]",126.210 ₫,4,-887,Hà Nội,https://www.lazada.vn/products/dang-cap-game-pro-tai-nghe-nhet-tai-gaming-co-day-co-mic-g901-choi-pubg-game-mobile-tang-kem-cap-chuyen-doi-de-dung-cho-may-tinh-laptop-goodshop4u-i282136434-s3470038586.html?search=1
"Bộ tua vít đa năng 25 món - Bộ tua vít sửa điện thoại, tô vit sửa iphone, tua vít tháo laptop [LOẠI TỐT - CÓ TỪ TRƯỜNG] (93 Store)",45.200 ₫,4,-139,Hồ Chí Minh,https://www.lazada.vn/products/bo-tua-vit-da-nang-25-mon-bo-tua-vit-sua-dien-thoai-to-vit-sua-iphone-tua-vit-thao-laptop-loai-tot-co-tu-truong-93-store-i999378123-s3219656622.html?search=1
Keo tản nhiệt làm mát cpu cho máy tính laptop pc cam kết sản phẩm đúng mô tả chất lượng đảm bảo an toàn đến sức khỏe người sử dụng,14.000 ₫,4,-31,Hà Nội,https://www.lazada.vn/products/keo-tan-nhiet-lam-mat-cpu-cho-may-tinh-laptop-pc-cam-ket-san-pham-dung-mo-ta-chat-luong-dam-bao-an-toan-den-suc-khoe-nguoi-su-dung-i984848003-s6703145104.html?search=1
"Phim phân cực 32 inch - dùng dán màn hình tivi,laptop,điện thoại,LCD,máy chơi game,xe máy...",140.000 ₫,5,-135,Hồ Chí Minh,https://www.lazada.vn/products/phim-phan-cuc-32-inch-dung-dan-man-hinh-tivilaptopdien-thoailcdmay-choi-gamexe-may-i291448629-s5951808413.html?search=1
"HUB Type C và HUB USB 3.0 tốc độ cao 4 in 1 Sidotech bộ chia cổng usb mở rộng kết nối chuyển đổi cho Macbook Pro Laptop PC hỗ trợ sạc pin kết nối đa năng ổ cứng bàn phím chuột máy in, thiết bị ổ chia usb - Hàng chính hãng",131.660 ₫,4,-219,Hà Nội,https://www.lazada.vn/products/hub-type-c-va-hub-usb-30-toc-do-cao-4-in-1-sidotech-bo-chia-cong-usb-mo-rong-ket-noi-chuyen-doi-cho-macbook-pro-laptop-pc-ho-tro-sac-pin-ket-noi-da-nang-o-cung-ban-phim-chuot-may-in-thiet-bi-o-chia-usb-hang-chinh-hang-i1270951345-s6293934561.html?search=1
Chuột máy tính có dây SIDOTECH P20 dòng chuột vi tính gaming cho laptop máy tính văn phòng gaming DPI 1200 có phiên bản chuột silent chống ồn chơi game cho game thủ- Hàng Chính  Hãng,65.620 ₫,4,-313,Hà Nội,https://www.lazada.vn/products/chuot-may-tinh-co-day-sidotech-p20-dong-chuot-vi-tinh-gaming-cho-laptop-may-tinh-van-phong-gaming-dpi-1200-co-phien-ban-chuot-silent-chong-on-choi-game-cho-game-thu-hang-chinh-hang-i1253887323-s4677237913.html?search=1
Đế Tản Nhiệt Laptop 2 Quạt N99 – Chịu Lực Tốt- 2 Fan - Chỉnh Được Độ Cao Thấp,145.000 ₫,5,-14,Hà Nội,https://www.lazada.vn/products/de-tan-nhiet-laptop-2-quat-n99-chiu-luc-tot-2-fan-chinh-duoc-do-cao-thap-i1068270683-s3674460974.html?search=1
Đèn màn cao áp laptop,59.999 ₫,,,Hưng Yên,https://www.lazada.vn/products/den-man-cao-ap-laptop-i471026837-s890822975.html?search=1
[HCM]Sạc laptop asus Sạc Laptop Asus 19V 1.75a Chân Nhỏ Mini - Tặng dây sạc laptop,110.000 ₫,5,-2,Hồ Chí Minh,https://www.lazada.vn/products/hcmsac-laptop-asus-sac-laptop-asus-19v-175a-chan-nho-mini-tang-day-sac-laptop-i403212223-s696496802.html?search=1
[HCM]Miếng dán bàn phím Laptop 17inch,10.000 ₫,5,-10,Hồ Chí Minh,https://www.lazada.vn/products/hcmmieng-dan-ban-phim-laptop-17inch-i251220784-s332767616.html?search=1
"Bộ vệ sinh màn hình máy tính, laptop, điện thoại, máy tính bảng, tivi",26.055 ₫,,,Hồ Chí Minh,https://www.lazada.vn/products/bo-ve-sinh-man-hinh-may-tinh-laptop-dien-thoai-may-tinh-bang-tivi-i1569599261-s6653098065.html?search=1
Bộ Vệ Sinh Máy Tính Laptop Macbook JRC Chính Hãng Cao Cấp 5 Món Chuyên Dụng Cho Máy Ảnh Điện Thoại,53.100 ₫,,,Hà Nội,https://www.lazada.vn/products/bo-ve-sinh-may-tinh-laptop-macbook-jrc-chinh-hang-cao-cap-5-mon-chuyen-dung-cho-may-anh-dien-thoai-i1611827574-s6950589048.html?search=1
Sạc laptop HP 19V-1.58A Mini - Tặng dây sạc laptop,115.000 ₫,5,-4,Hồ Chí Minh,https://www.lazada.vn/products/sac-laptop-hp-19v-158a-mini-tang-day-sac-laptop-i341328548-s550854506.html?search=1
[HCM] Bàn phím không dây bluetooth cho điện thoại máy tính bảng ipad laptop macbook tivi Windows/Android/IOS-PW,99.000 ₫,5,-1,Hồ Chí Minh,https://www.lazada.vn/products/hcm-ban-phim-khong-day-bluetooth-cho-dien-thoai-may-tinh-bang-ipad-laptop-macbook-tivi-windowsandroidios-pw-i1606804666-s6917319565.html?search=1
"Dây cáp mạng CAT6E chuẩn UTP chịu lực truyền tín hiệu tốt, dây mạng cat6e bấm sẵn 2 đầu giá rẻ",17.000 ₫,5,-23,Hải Phòng,https://www.lazada.vn/products/day-cap-mang-cat6e-chuan-utp-chiu-luc-truyen-tin-hieu-tot-day-mang-cat6e-bam-san-2-dau-gia-re-i1117236778-s5275958106.html?search=1
Khay gắn HDD/SSD cổng DVD - Caddy Bay SATA gắn thêm ổ cứng cho Laptop 12.7mm HC(Dày),52.380 ₫,5,-2,Hà Nội,https://www.lazada.vn/products/khay-gan-hddssd-cong-dvd-caddy-bay-sata-gan-them-o-cung-cho-laptop-127mm-hcday-i305178665-s488180272.html?search=1
"SẠC LAPTOP,SẠC LAPTOP ASUS VUÔNG HOẶC HÌNH CHỮ NHẬT19V-2.37A/19v-3.42A ZIN CHÂN TO hoặc NHỎ HÀNG NHẬP KHẨU",150.000 ₫,,,Hà Nội,https://www.lazada.vn/products/sac-laptopsac-laptop-asus-vuong-hoac-hinh-chu-nhat19v-237a19v-342a-zin-chan-to-hoac-nho-hang-nhap-khau-i1557247283-s6571914183.html?search=1
[HCM]Túi Chống sốc 15in cho Laptop,27.000 ₫,5,-21,Hồ Chí Minh,https://www.lazada.vn/products/hcmtui-chong-soc-15in-cho-laptop-i208003941-s258609646.html?search=1
[HCM]ĐẾ TẢN NHIỆT LAPTOP BAMBA B4 (6 QUẠT) - QUẠT LÀM MÁT LAPTOP BAMBA B4 (6 QUẠT),320.000 ₫,,,Hồ Chí Minh,https://www.lazada.vn/products/hcmde-tan-nhiet-laptop-bamba-b4-6-quat-quat-lam-mat-laptop-bamba-b4-6-quat-i1217460070-s4513856589.html?search=1
Pin Laptop Asus TP500L TP500LA TP500LN TP500LD B31N1345,739.000 ₫,,,Hà Nội,https://www.lazada.vn/products/pin-laptop-asus-tp500l-tp500la-tp500ln-tp500ld-b31n1345-i1252334281-s6473855204.html?search=1
Sạc Laptop Lenovo G470 G480 G460 G450 G430 G230 B460 Y450 Y460 OUTPUT 19V 3.42A (65W) chân To đường kính đầu sạc 5.5mm ký hiệu đầu sạc Φ5.5*2.5mm,78.000 ₫,5,-1,Hà Nội,https://www.lazada.vn/products/sac-laptop-lenovo-g470-g480-g460-g450-g430-g230-b460-y450-y460-output-19v-342a-65w-chan-to-duong-kinh-dau-sac-55mm-ky-hieu-dau-sac-5525mm-i1425255609-s5903027002.html?search=1
Logitech C270 - Webcam Laptop 720P,490.000 ₫,,,Hà Nội,https://www.lazada.vn/products/logitech-c270-webcam-laptop-720p-i1484837224-s6194215422.html?search=1
Sạc Laptop Dell Inspiron 5520 5521 7520 5323 5423 5523 4.62A,165.000 ₫,5,-2,Hà Nội,https://www.lazada.vn/products/sac-laptop-dell-inspiron-5520-5521-7520-5323-5423-5523-462a-i209722845-s261719347.html?search=1
Sạc laptop Sony Vaio SVF142C29L SVE141L11L SVE151D11L SVE1511HFXW,195.000 ₫,,,Hà Nội,https://www.lazada.vn/products/sac-laptop-sony-vaio-svf142c29l-sve141l11l-sve151d11l-sve1511hfxw-i355376077-s583540909.html?search=1
Sạc Laptop Dell Vostro 3468 3568 5468 5568 5459 19.5V 2.31A Hàng Nhập Khẩu mới 100% Bảo Hành !2 Tháng Lỗi 1 Đổi !,299.000 ₫,5,-3,Hà Nội,https://www.lazada.vn/products/sac-laptop-dell-vostro-3468-3568-5468-5568-5459-195v-231a-hang-nhap-khau-moi-100-bao-hanh-2-thang-loi-1-doi-i104341284-s105358840.html?search=1
[HCM]Ổ caddy bay thay thế ổ DVD cho laptop - 9mm 9.5 mm  12.7mm,49.000 ₫,5,-3,Hồ Chí Minh,https://www.lazada.vn/products/hcmo-caddy-bay-thay-the-o-dvd-cho-laptop-9mm-95-mm-127mm-i217798565-s5651191534.html?search=1
Sạc Laptop Dell 19.5V 3.34A 65W chân kim đầu sạc bé (nhỏ) BH 1 năm Hàng Nhập Khẩu mới 100% Bảo Hành !2 Tháng Lỗi 1 Đổi ! trị giá 39k,175.000 ₫,5,-3,Hà Nội,https://www.lazada.vn/products/sac-laptop-dell-195v-334a-65w-chan-kim-dau-sac-be-nho-bh-1-nam-hang-nhap-khau-moi-100-bao-hanh-2-thang-loi-1-doi-tri-gia-39k-i206889249-s257347445.html?search=1
Sạc Laptop Dell Inspiron 5547 5548 5437 5537 5368 7368 3.34A,155.000 ₫,,,Hà Nội,https://www.lazada.vn/products/sac-laptop-dell-inspiron-5547-5548-5437-5537-5368-7368-334a-i209722947-s261719450.html?search=1
"Đèn USB + Quạt USB mini Minaho - Đèn siêu sáng, quạt siêu mắt có thể sử dụng bằng Laptop, sạc dự phòng, sạc điện thoại bảo hành 1 đổi 1",13.000 ₫,5,-4,Hà Nội,https://www.lazada.vn/products/den-usb-quat-usb-mini-minaho-den-sieu-sang-quat-sieu-mat-co-the-su-dung-bang-laptop-sac-du-phong-sac-dien-thoai-bao-hanh-1-doi-1-i1247391162-s4651654731.html?search=1
"Adapter đa năng for laptop và lcd 96w, bộ nguồn đa năng mẫu mới pd0054",149.000 ₫,,,Hồ Chí Minh,https://www.lazada.vn/products/adapter-da-nang-for-laptop-va-lcd-96w-bo-nguon-da-nang-mau-moi-pd0054-i1518220794-s6371036338.html?search=1
Pin Laptop Sony Vaio SVF142C29W SVF1421ESGW SVF1421ESGB,315.000 ₫,,,Hà Nội,https://www.lazada.vn/products/pin-laptop-sony-vaio-svf142c29w-svf1421esgw-svf1421esgb-i1252441083-s6601727811.html?search=1
[HCM]Đầu đọc ổ cứng Laptop Docking 2.5 Seagate,65.000 ₫,5,-5,Hồ Chí Minh,https://www.lazada.vn/products/hcmdau-doc-o-cung-laptop-docking-25-seagate-i507216231-s999076997.html?search=1
"CẶP DA NAM CÔNG SỞ, CẶP DA LAPTOP , CẶP ĐỂ GIẤY TÀI LIỆU, CẶP DA MÁY TÍNH Tom 9",19.000 ₫,,,Hà Nội,https://www.lazada.vn/products/cap-da-nam-cong-so-cap-da-laptop-cap-de-giay-tai-lieu-cap-da-may-tinh-tom-9-i1624810255-s7045663138.html?search=1
[HCM]Khay gắn HDD/SSD cổng DVD - Caddy Bay SATA gắn thêm ổ cứng cho Laptop 12.7mm HC(Dày),54.000 ₫,5,-39,Hồ Chí Minh,https://www.lazada.vn/products/hcmkhay-gan-hddssd-cong-dvd-caddy-bay-sata-gan-them-o-cung-cho-laptop-127mm-hcday-i217800712-s272984267.html?search=1
Sạc Laptop Lenovo ADLX45NLC3A ADLX45NCC3A ADLX45NDC3A  20v-2.25a-45W tặng kèm dây nguồn,190.000 ₫,5,-2,Hà Nội,https://www.lazada.vn/products/sac-laptop-lenovo-adlx45nlc3a-adlx45ncc3a-adlx45ndc3a-20v-225a-45w-tang-kem-day-nguon-i291428721-s462552823.html?search=1
"(TẶNG ĐỒ ĐỂ CHUỘC) Chân Đế Xoay Có Thể Gập Lại, Giá Đỡ Máy Tính Xách Tay,mouse Bàn Nhỏ Trên Giường,bàn học, bàn laptop Bàn Làm Việc Lười Biếng,bàn đa năng",275.000 ₫,5,-86,Hồ Chí Minh,https://www.lazada.vn/products/tang-do-de-chuoc-chan-de-xoay-co-the-gap-lai-gia-do-may-tinh-xach-taymouse-ban-nho-tren-giuongban-hoc-ban-laptop-ban-lam-viec-luoi-biengban-da-nang-i1287859564-s4877295168.html?search=1
[HCM][ Combo 2 Đèn ] Đèn Led Usb Siêu Sáng Mini Cổng USB cho Laptop Hoặc Pin Dự Phòng - Đèn LED Cổng USB Mini Đa Năng 16.8*1.Cm  (Giao màu ngẫu nhiên) BẢO HÀNG 2 NĂM,70.000 ₫,5,-116,Hồ Chí Minh,https://www.lazada.vn/products/hcm-combo-2-den-den-led-usb-sieu-sang-mini-cong-usb-cho-laptop-hoac-pin-du-phong-den-led-cong-usb-mini-da-nang-1681cm-giao-mau-ngau-nhien-bao-hang-2-nam-i656798928-s1577896442.html?search=1
[HCM]Adapter dành cho laptop HP pavilion dv6 dv7 g60 g70 (Đen) - hàng nhập khẩu,180.000 ₫,5,-1,Hồ Chí Minh,https://www.lazada.vn/products/hcmadapter-danh-cho-laptop-hp-pavilion-dv6-dv7-g60-g70-den-hang-nhap-khau-i2162332-s2663628.html?search=1
[ HCM SIÊU NÉT ] Webcam máy tính có mic full hd 1080p full box siêu nét dùng cho pc laptop,279.000 ₫,5,-1,Hồ Chí Minh,https://www.lazada.vn/products/hcm-sieu-net-webcam-may-tinh-co-mic-full-hd-1080p-full-box-sieu-net-dung-cho-pc-laptop-i1595487716-s6837376256.html?search=1
"//FLASH SALE// Tai nghe Gaming có mic G901 Jack 3.5mm; tai nghe chơi pubg, game mobile…; tai nghe gaming PC, tai nghe jack 3.5mm; tai nghe nhét tai gaming; tai nghe gaming cho điện thoại; tai nghe máy tính laptop có mic",129.000 ₫,5,-13,Nam Định,https://www.lazada.vn/products/flash-sale-tai-nghe-gaming-co-mic-g901-jack-35mm-tai-nghe-choi-pubg-game-mobile-tai-nghe-gaming-pc-tai-nghe-jack-35mm-tai-nghe-nhet-tai-gaming-tai-nghe-gaming-cho-dien-thoai-tai-nghe-may-tinh-laptop-co-mic-i833388213-s2308308383.html?search=1
Sạc dùng cho Laptop Lenovo G470,115.000 ₫,5,-12,Hà Nội,https://www.lazada.vn/products/sac-dung-cho-laptop-lenovo-g470-i1647494-s2047789.html?search=1
[HCM]Đèn soi bàn phím giá rẻ cho laptop (Vàng) Quà tặng USB đêm sinh viên đọc sách ánh sáng di động điện di động LED ánh sáng cầm tay,10.000 ₫,5,-5,Hồ Chí Minh,https://www.lazada.vn/products/hcmden-soi-ban-phim-gia-re-cho-laptop-vang-qua-tang-usb-dem-sinh-vien-doc-sach-anh-sang-di-dong-dien-di-dong-led-anh-sang-cam-tay-i262356149-s373224353.html?search=1
"VISIOMAX- hộp 52 tờ giấy lau mắt kính, màn hình điện thoại, laptop, lens máy ảnh, hàng Đức chính hãng",49.000 ₫,5,-4,Hà Nội,https://www.lazada.vn/products/visiomax-hop-52-to-giay-lau-mat-kinh-man-hinh-dien-thoai-laptop-lens-may-anh-hang-duc-chinh-hang-i1518511011-s6371771341.html?search=1
Loa máy tính laptop vi tính mini MC V-128 âm Bass Trầm nổi loa di động Eagle Eye dùng cho giắc cắm âm thanh 3.5MM,168.179 ₫,,,Lạng Sơn,https://www.lazada.vn/products/loa-may-tinh-laptop-vi-tinh-mini-mc-v-128-am-bass-tram-noi-loa-di-dong-eagle-eye-dung-cho-giac-cam-am-thanh-35mm-i1622688929-s7032847351.html?search=1
Sạc dành cho laptop lenovo 19v-3.42a,109.000 ₫,5,-14,Hà Nội,https://www.lazada.vn/products/sac-danh-cho-laptop-lenovo-19v-342a-i1642523-s2041481.html?search=1
Đầu chuyển nguồn chân tròn 5.5*2.1mm sang chân vuông laptop Lenovo Thinkpad,40.000 ₫,5,-3,Hà Nội,https://www.lazada.vn/products/dau-chuyen-nguon-chan-tron-5521mm-sang-chan-vuong-laptop-lenovo-thinkpad-i274194973-s6687917990.html?search=1
Macbook Pro A1286 i7 QM/ Ram8G/ SSD/ 15.6in/ Vga rời/ Đẹp zin/ Giá rẻ,11.500.000 ₫,,,Hồ Chí Minh,https://www.lazada.vn/products/macbook-pro-a1286-i7-qm-ram8g-ssd-156in-vga-roi-dep-zin-gia-re-i1620751672-s7019999965.html?search=1
Túi đeo chéo trẻ trung phong cách,29.400 ₫,5,-1364,Đà Nẵng,https://www.lazada.vn/products/tui-deo-cheo-tre-trung-phong-cach-i766698054-s2023270129.html?search=1
Loa Vi Tính Gaming ROBOT RS200 Công Suất 6W Hiệu Ứng Led Âm Thanh Mạnh Mẽ Chất Âm Chi Tiết Điều Khiển Núm Xoay Kết Nối Máy Tính Laptop Điện Thoại Máy MP3 - Màu Đen l Hàng Chính Hãng,184.000 ₫,5,-1670,Hồ Chí Minh,https://www.lazada.vn/products/loa-vi-tinh-gaming-robot-rs200-cong-suat-6w-hieu-ung-led-am-thanh-manh-me-chat-am-chi-tiet-dieu-khien-num-xoay-ket-noi-may-tinh-laptop-dien-thoai-may-mp3-mau-den-l-hang-chinh-hang-i759514456-s1992662553.html?search=1
Giá đỡ điện thoại để bàn bỏ túi trên xe máy ô tô tiện lợi giá để điện thoại ipad laptop có chân đế bằng nhựa giá rẻ,6.000 ₫,5,-135,Hồ Chí Minh,https://www.lazada.vn/products/gia-do-dien-thoai-de-ban-bo-tui-tren-xe-may-o-to-tien-loi-gia-de-dien-thoai-ipad-laptop-co-chan-de-bang-nhua-gia-re-i978840417-s3090932227.html?search=1
"(Bảo hành 12 tháng ) Webcam HD 720P - 1080p Máy Tính Laptop Livestream, Học và Làm việc Online siêu rõ nét  quay chữ rõ nét , Webcam máy tính , Webcam logitech , Webcam pc để bàn , Webcam có mic ,Web pc",89.000 ₫,5,-29,Nam Định,https://www.lazada.vn/products/bao-hanh-12-thang-webcam-hd-720p-1080p-may-tinh-laptop-livestream-hoc-va-lam-viec-online-sieu-ro-net-quay-chu-ro-net-webcam-may-tinh-webcam-logitech-webcam-pc-de-ban-webcam-co-mic-web-pc-i1484081227-s6190212772.html?search=1&freeshipping=1
Tai nghe nhét tai QKZ AK2 Pro 2021 Âm bass mạnh mẽ chất lượng âm thanh HD nghe nhạc chơi game có micro đàm thoại tương thích điện thoại phone máy tính bảng pc laptop,60.000 ₫,5,-1648,Hà Nội,https://www.lazada.vn/products/tai-nghe-nhet-tai-qkz-ak2-pro-2021-am-bass-manh-me-chat-luong-am-thanh-hd-nghe-nhac-choi-game-co-micro-dam-thoai-tuong-thich-dien-thoai-phone-may-tinh-bang-pc-laptop-i657136407-s1579174574.html?search=1
HP M160 Chuột Có Dây Hiệu Suất Cao Chuột Chơi Game Quang Học Với 7 Màu Sắc LED Cầu Vồng Cho Máy Tính Notebook Máy Tính Xách Tay Máy Tính Văn Phòng Nhà,97.000 ₫,4,-1846,Overseas,https://www.lazada.vn/products/hp-m160-chuot-co-day-hieu-suat-cao-chuot-choi-game-quang-hoc-voi-7-mau-sac-led-cau-vong-cho-may-tinh-notebook-may-tinh-xach-tay-may-tinh-van-phong-nha-i671022926-s1630876993.html?search=1
[HCM]Bộ vệ sinh laptop combo dung dịch nano lau chùi vệ sinh màn hình bàn phím cho máy tính laptop macbook,105.000 ₫,4,-114,Hồ Chí Minh,https://www.lazada.vn/products/hcmbo-ve-sinh-laptop-combo-dung-dich-nano-lau-chui-ve-sinh-man-hinh-ban-phim-cho-may-tinh-laptop-macbook-i363214048-s600598402.html?search=1
"[ VIDEO THẬT - MIỂN PHÍ SHIP ] Giá đỡ laptop gấp gọn điều chỉnh độ cao, hỗ trợ tản nhiệt laptop ( CÓ SẲN - SHIP NHANH )",74.180 ₫,5,-40,Hồ Chí Minh,https://www.lazada.vn/products/video-that-mien-phi-ship-gia-do-laptop-gap-gon-dieu-chinh-do-cao-ho-tro-tan-nhiet-laptop-co-san-ship-nhanh-i1519011897-s6374772397.html?search=1
"Túi chéo nam ,túi đeo ngực nam 2021 mới đơn giản phiên bản hàn quốc OXFORD vải thủy triều thể thao nhỏ xinh tiện dụng",7.900 ₫,,,Hà Nội,https://www.lazada.vn/products/tui-cheo-nam-tui-deo-nguc-nam-2021-moi-don-gian-phien-ban-han-quoc-oxford-vai-thuy-trieu-the-thao-nho-xinh-tien-dung-i1477096970-s6146754771.html?search=1
[ĐẲNG CẤP GAME PRO] WirestoTai Nghe Gaming có Mic g10 Tai nghe có Dây chống ồn Tai Nghe Gaming cho điện Thoại nhét tai có dây có tặng kèm cáp chuyển đổi để dùng cho máy tính laptop,140.000 ₫,5,-107,Bình Dương,https://www.lazada.vn/products/dang-cap-game-pro-wirestotai-nghe-gaming-co-mic-g10-tai-nghe-co-day-chong-on-tai-nghe-gaming-cho-dien-thoai-nhet-tai-co-day-co-tang-kem-cap-chuyen-doi-de-dung-cho-may-tinh-laptop-i301224428-s482656744.html?search=1
Balo nữ balo thời trang Unisex đựng đồ đi chơi đi học phong cách Hàn Quốc MIDI 617,179.000 ₫,,,Hà Nội,https://www.lazada.vn/products/balo-nu-balo-thoi-trang-unisex-dung-do-di-choi-di-hoc-phong-cach-han-quoc-midi-617-i1543267005-s6493240789.html?search=1
Cáp mạng Cat6 UTP 26AWG CCA UGREEN NW102 sử dụng trên các mạng Ethernet / RJ45 - Hàng phân phối chính hãng - Bảo hành 18 tháng,35.000 ₫,4,-998,Hồ Chí Minh,https://www.lazada.vn/products/cap-mang-cat6-utp-26awg-cca-ugreen-nw102-su-dung-tren-cac-mang-ethernet-rj45-hang-phan-phoi-chinh-hang-bao-hanh-18-thang-i246127454-s1107360036.html?search=1
[HCM]BALO THỜI TRANG DẠ QUANG ĐI HỌC ĐỰNG VỪA LAPTOP,55.000 ₫,5,-438,Hồ Chí Minh,https://www.lazada.vn/products/hcmbalo-thoi-trang-da-quang-di-hoc-dung-vua-laptop-i479792679-s921320533.html?search=1
"[ LOẠI XỊN ] Giá Đỡ Máy Tính Xách Tay - Kệ đỡ Laptop,ipad,MacBook Hợp Kim Nhôm gấp gọn Điều Chỉnh 6 Cấp Độ Chống Rung Thiết Kế Tản Nhiệt kiểu dáng đẹp và sang trọng",122.000 ₫,5,-14,Hồ Chí Minh,https://www.lazada.vn/products/loai-xin-gia-do-may-tinh-xach-tay-ke-do-laptopipadmacbook-hop-kim-nhom-gap-gon-dieu-chinh-6-cap-do-chong-rung-thiet-ke-tan-nhiet-kieu-dang-dep-va-sang-trong-i1579462381-s6711710780.html?search=1
Thời Trang Phổ Biến Chống Thấm Nước Dây Kéo Kép Túi Đựng Laptop Vỏ Túi Mang Đồ Máy Tính Xách Tay,61.620 ₫,5,-263,Bình Dương,https://www.lazada.vn/products/thoi-trang-pho-bien-chong-tham-nuoc-day-keo-kep-tui-dung-laptop-vo-tui-mang-do-may-tinh-xach-tay-i945884573-s2866142316.html?search=1
"Hub USB 3.0 Mini 3 Cổng Thông Dụng USB 2.0 Hub, Bộ Chuyển Đổi Hộp Chia Dữ Liệu Tốc Độ Cao Dành Cho Máy Tính Xách Tay MacBook Pro Hub USB Đa Cổng",32.000 ₫,5,-69,Overseas,https://www.lazada.vn/products/hub-usb-30-mini-3-cong-thong-dung-usb-20-hub-bo-chuyen-doi-hop-chia-du-lieu-toc-do-cao-danh-cho-may-tinh-xach-tay-macbook-pro-hub-usb-da-cong-i355476012-s583704729.html?search=1
JTKE Có Thể Điều Chỉnh USB Máy Tính Xách Tay Microphone Mini Studio Speech Microphone Đứng Mic Với Chủ Cho Máy Tính Để Bàn Máy Tính Xách Tay Microphone,43.000 ₫,5,-54,Overseas,https://www.lazada.vn/products/jtke-co-the-dieu-chinh-usb-may-tinh-xach-tay-microphone-mini-studio-speech-microphone-dung-mic-voi-chu-cho-may-tinh-de-ban-may-tinh-xach-tay-microphone-i736034855-s1890954552.html?search=1
"Miếng Lót Chuột Rovtop, Công Thái Học Thoải Mái Với Miếng Đệm Mềm Bảo Vệ Cổ Tay Cho Máy Tính Máy Tính Xách Tay Máy Tính Xách Tay Chơi Game Pad",21.980 ₫,5,-28,Overseas,https://www.lazada.vn/products/mieng-lot-chuot-rovtop-cong-thai-hoc-thoai-mai-voi-mieng-dem-mem-bao-ve-co-tay-cho-may-tinh-may-tinh-xach-tay-may-tinh-xach-tay-choi-game-pad-i1497701072-s6267109764.html?search=1&freeshipping=1
[HCM] Cặp đen học sinh cấp 2 và 3 - cặp đa năng loại cao cấp Kim Long KL035,299.000 ₫,5,-137,Hồ Chí Minh,https://www.lazada.vn/products/hcm-cap-den-hoc-sinh-cap-2-va-3-cap-da-nang-loai-cao-cap-kim-long-kl035-i752794794-s1960210365.html?search=1
"Tai nghe Gaming có mic G901 Jack 3.5mm; tai nghe chơi pubg, game mobile…; tai nghe gaming PC, tai nghe jack 3.5mm; tai nghe nhét tai gaming; tai nghe gaming cho điện thoại; tai nghe máy tính laptop có mic, tai nghe bluetooth",126.000 ₫,5,-155,Nam Định,https://www.lazada.vn/products/tai-nghe-gaming-co-mic-g901-jack-35mm-tai-nghe-choi-pubg-game-mobile-tai-nghe-gaming-pc-tai-nghe-jack-35mm-tai-nghe-nhet-tai-gaming-tai-nghe-gaming-cho-dien-thoai-tai-nghe-may-tinh-laptop-co-mic-tai-nghe-bluetooth-i371320972-s618996192.html?search=1
50x37cm - BALO LAPTOP Nam Nữ SIÊU RỘNG Đi Chơi Đi Làm Đi Học Cao Cấp Giá Rẻ - Balo công sở - AT01,175.000 ₫,5,-168,Bình Dương,https://www.lazada.vn/products/50x37cm-balo-laptop-nam-nu-sieu-rong-di-choi-di-lam-di-hoc-cao-cap-gia-re-balo-cong-so-at01-i272752258-s6570870258.html?search=1
Vention USB Ethernet Adapter USB 3.0 Network Card to RJ45 Lan for Win7/Win8/Win10 Laptop Ethernet USB,270.000 ₫,5,-65,Overseas,https://www.lazada.vn/products/vention-usb-ethernet-adapter-usb-30-network-card-to-rj45-lan-for-win7win8win10-laptop-ethernet-usb-i733554028-s1881170171.html?search=1
"Bàn học gấp gọn để laptop có khe để Ipad gấp tiện dụng gọn gàng chắc chắn, dễ di chuyển - Bàn học sinh - Bàn nhựa gấp đa năng",89.900 ₫,5,-273,Hà Nội,https://www.lazada.vn/products/ban-hoc-gap-gon-de-laptop-co-khe-de-ipad-gap-tien-dung-gon-gang-chac-chan-de-di-chuyen-ban-hoc-sinh-ban-nhua-gap-da-nang-i1293733420-s4929925639.html?search=1
"( Phiên Bản Nâng Cấp ) Giá đỡ laptop, máy tính xách tay thiết kế bằng hợp kim nhôm điều chỉnh 7 cấp độ xếp gọn tiện lợi - Kệ đỡ lapop,macbook để bàn Khả năng chịu lực siêu tốt + Kèm túi xách",135.000 ₫,4,-18,Hồ Chí Minh,https://www.lazada.vn/products/phien-ban-nang-cap-gia-do-laptop-may-tinh-xach-tay-thiet-ke-bang-hop-kim-nhom-dieu-chinh-7-cap-do-xep-gon-tien-loi-ke-do-lapopmacbook-de-ban-kha-nang-chiu-luc-sieu-tot-kem-tui-xach-i1536796511-s6463674626.html?search=1
[BEST DEAL] CHUỘT MÁY TÍNH KHÔNG DÂY MIXIE R518 SIÊU ĐẸP SIÊU BỀN CHUỘT QUANG CHUỘT KHÔNG DÂY CHUỘT LAPTOP CHO PC LAPTOP LÀM VIỆC CHƠI GAME THIẾT KẾ HỌC ONLINE,138.000 ₫,5,-23,Hồ Chí Minh,https://www.lazada.vn/products/best-deal-chuot-may-tinh-khong-day-mixie-r518-sieu-dep-sieu-ben-chuot-quang-chuot-khong-day-chuot-laptop-cho-pc-laptop-lam-viec-choi-game-thiet-ke-hoc-online-i1603734593-s6897121042.html?search=1
BỘ DỤNG CỤ VỆ SINH 4 MÓN LAPTOP MÁY VI TÍNH KING MASTER combo lau chùi vệ sinh lap top tivi tv máy tính ipad dung dịch vệ sinh màn hình cọ quét bàn phím giẻ lau laptop thổi bụi laptop set rẩy rửa máy,23.640 ₫,5,-60,Hồ Chí Minh,https://www.lazada.vn/products/bo-dung-cu-ve-sinh-4-mon-laptop-may-vi-tinh-king-master-combo-lau-chui-ve-sinh-lap-top-tivi-tv-may-tinh-ipad-dung-dich-ve-sinh-man-hinh-co-quet-ban-phim-gie-lau-laptop-thoi-bui-laptop-set-ray-rua-may-i898732945-s2602936910.html?search=1
Zexmte Trọng Lượng Nhẹ 7.1 Âm Thanh Nổi USB Đầu Chuyển Âm Thanh Card Âm Thanh Ngoài Cho Windows XP/2000/Vista/7 3D Bộ Tiếp Hợp Âm Thanh USB Đầu Chuyển Âm Thanh Cho PC Và Máy Tính Xách Tay,51.000 ₫,,,Overseas,https://www.lazada.vn/products/zexmte-trong-luong-nhe-71-am-thanh-noi-usb-dau-chuyen-am-thanh-card-am-thanh-ngoai-cho-windows-xp2000vista7-3d-bo-tiep-hop-am-thanh-usb-dau-chuyen-am-thanh-cho-pc-va-may-tinh-xach-tay-i1590648848-s6795942752.html?search=1
"Cozyy Chuột Quang Không Dây Hình Xe Thể Thao Không Gian 3 Phím 1000DPI 2.4G, Bộ Thu USB Dành Cho Máy Tính Xách Tay",62.000 ₫,5,-318,Overseas,https://www.lazada.vn/products/cozyy-chuot-quang-khong-day-hinh-xe-the-thao-khong-gian-3-phim-1000dpi-24g-bo-thu-usb-danh-cho-may-tinh-xach-tay-i545234708-s1152086487.html?search=1
Bộ vệ sinh laptop 4 món,19.500 ₫,4,-126,Hồ Chí Minh,https://www.lazada.vn/products/bo-ve-sinh-laptop-4-mon-i242436649-s310171721.html?search=1
Bàn Phím Cơ Máy Tính Cao Cấp Crack K2 PRO Led RGB 10 Chế Độ Khác Nhau Chơi Game Dùng Văn Phòng Cho Máy Tính PC Laptop Keyboard Cơ Blue Switch Gaming Có Dây Cực Đẹp Có Cục Chống Nhiễu - XSmart,369.000 ₫,5,-250,Hà Nội,https://www.lazada.vn/products/ban-phim-co-may-tinh-cao-cap-crack-k2-pro-led-rgb-10-che-do-khac-nhau-choi-game-dung-van-phong-cho-may-tinh-pc-laptop-keyboard-co-blue-switch-gaming-co-day-cuc-dep-co-cuc-chong-nhieu-xsmart-i846256902-s2368774896.html?search=1
Balo Laptop/ Macbook Tucano Loop dòng sản phẩm cao cấp gọn nhẹ chống sốc 15.6 inch,342.000 ₫,4,-55,Hồ Chí Minh,https://www.lazada.vn/products/balo-laptop-macbook-tucano-loop-dong-san-pham-cao-cap-gon-nhe-chong-soc-156-inch-i495978202-s966342873.html?search=1
16 Cái/bộ Đầy Màu Sắc Silicone Chống Bụi Cắm Bìa Stopper Bụi Cắm Máy Tính Xách Tay Chống Bụi Cổng USB HDMI RJ45 Giao Diện Không Thấm Nước Bìa,7.840 ₫,5,-11,Overseas,https://www.lazada.vn/products/16-caibo-day-mau-sac-silicone-chong-bui-cam-bia-stopper-bui-cam-may-tinh-xach-tay-chong-bui-cong-usb-hdmi-rj45-giao-dien-khong-tham-nuoc-bia-i1515228775-s6356834961.html?search=1
Pin laptop Toshiba PA5107U-1BRS L55 L55t L40-A L45 L40D,695.000 ₫,5,-1,Hà Nội,https://www.lazada.vn/products/pin-laptop-toshiba-pa5107u-1brs-l55-l55t-l40-a-l45-l40d-i225050698-s283976775.html?search=1
[HCM]Túi Phản Quang Colkids Club Mini Bag Unisex [ FULL TAG và GIẤY THƠM ] Chất liệu poly T900 trong suốt cực tốt Thiết kế trẻ trung,67.610 ₫,4,-1001,Hồ Chí Minh,https://www.lazada.vn/products/hcmtui-phan-quang-colkids-club-mini-bag-unisex-full-tag-va-giay-thom-chat-lieu-poly-t900-trong-suot-cuc-tot-thiet-ke-tre-trung-i469972757-s887234889.html?search=1
[HCM] Cặp đen đa năng học sinh cấp 2 và 3 loại cao cấp Kim Long KL201,305.000 ₫,5,-61,Hồ Chí Minh,https://www.lazada.vn/products/hcm-cap-den-da-nang-hoc-sinh-cap-2-va-3-loai-cao-cap-kim-long-kl201-i764152814-s6151163359.html?search=1
"Loa Vi Tính Gaming Có Ánh Sáng LED Siêu Gọn Nhẹ Dùng Cho Máy Tính, Laptop, Điện thoại - FANTECH GS202 SONAR - Hãng Phân Phối Chính Thức",229.000 ₫,5,-546,Hồ Chí Minh,https://www.lazada.vn/products/loa-vi-tinh-gaming-co-anh-sang-led-sieu-gon-nhe-dung-cho-may-tinh-laptop-dien-thoai-fantech-gs202-sonar-hang-phan-phoi-chinh-thuc-i343362516-s555978080.html?search=1
Combo Giá Đỡ Laptop ACOME ALS01 Dễ Dàng Gấp Gọn Hợp Kim Nhôm Và Miếng Lót Chuột ACOME AMP01 Kích Thước 22 x 18 cm [Bảo Hành 12 Tháng],163.000 ₫,4,-67,Hồ Chí Minh,https://www.lazada.vn/products/combo-gia-do-laptop-acome-als01-de-dang-gap-gon-hop-kim-nhom-va-mieng-lot-chuot-acome-amp01-kich-thuoc-22-x-18-cm-bao-hanh-12-thang-i1266292025-s4765182568.html?search=1
"Khay Ổ Cứng Caddy Bay Sata 3.0 6Gbps 9.5Mm, 12.7Mm, Gắn Thêm Ổ Cứng Cho Laptop - Vỏ Thép Không Gỉ",29.000 ₫,5,-10,Hà Nội,https://www.lazada.vn/products/khay-o-cung-caddy-bay-sata-30-6gbps-95mm-127mm-gan-them-o-cung-cho-laptop-vo-thep-khong-gi-i1458849414-s6043587440.html?search=1
"[COMBO 10] Khăn Lau Mắt Kính, Laptop, Điện Thoại",6.000 ₫,5,-68,Hồ Chí Minh,https://www.lazada.vn/products/combo-10-khan-lau-mat-kinh-laptop-dien-thoai-i392098518-s6974556258.html?search=1
